"fees_id";"academic_year";"medium";"student_type";"standard";"grp_particulars";"grp_amount";"grp_date";"extra_particulars";"extra_amount";"extra_date";"amenity_particulars";"amenity_amount";"amenity_date";"grp_ledger_name";"extra_ledger_name";"amenity_ledger_name";"temp_flat_no";"temp_street";"temp_district";"temp_area";"status";"grp_status";"extra_status";"amenity_status";"school_id";"user_id";"insert_login_id";"update_login_id";"delete_login_id";"created_date";"updated_date"
"1";"2023-2024";"Tamil";"New Student";"PRE.K.G";"Tution Fee";"1000";"2023-06-30";NULL;NULL;NULL;NULL;NULL;NULL;NULL;NULL;NULL;NULL;NULL;NULL;NULL;"0";"1";"0";"0";"2";"1";"1";NULL;NULL;"2023-06-29 02:06:29";"2023-06-29 02:06:29"
"2";"2023-2024";"Tamil";"New Student";"PRE.K.G";" Course Fee";"1000";"2023-06-30";NULL;NULL;NULL;NULL;NULL;NULL;NULL;NULL;NULL;NULL;NULL;NULL;NULL;"0";"1";"0";"0";"2";"1";"1";NULL;NULL;"2023-06-29 02:07:01";"2023-06-29 02:07:01"
"3";"2023-2024";"Tamil";"New Student";"PRE.K.G";NULL;NULL;NULL;"Swiming";"500";"2023-06-30";NULL;NULL;NULL;NULL;NULL;NULL;NULL;NULL;NULL;NULL;"0";"0";"1";"0";"2";"1";"1";NULL;NULL;"2023-06-29 02:07:30";"2023-06-29 02:07:30"
"4";"2023-2024";"Tamil";"New Student";"PRE.K.G";NULL;NULL;NULL;"Yoga";"500";"2023-06-30";NULL;NULL;NULL;NULL;NULL;NULL;NULL;NULL;NULL;NULL;"0";"0";"1";"0";"2";"1";"1";NULL;NULL;"2023-06-29 02:07:40";"2023-06-29 02:07:40"
"5";"2023-2024";"Tamil";"New Student";"PRE.K.G";NULL;NULL;NULL;NULL;NULL;NULL;"Unifrom";"800";"2023-06-30";NULL;NULL;NULL;NULL;NULL;NULL;NULL;"0";"0";"0";"1";"2";"1";"1";NULL;NULL;"2023-06-29 02:08:09";"2023-06-29 02:08:09"
"6";"2023-2024";"Tamil";"New Student";"L.K.G";"Tution Fee";"1500";"2023-06-30";NULL;NULL;NULL;NULL;NULL;NULL;NULL;NULL;NULL;NULL;NULL;NULL;NULL;"0";"1";"0";"0";"2";"1";"1";NULL;NULL;"2023-06-29 02:21:11";"2023-06-29 02:21:11"
"7";"2023-2024";"Tamil";"New Student";"L.K.G";"Course Fee";"1500";"2023-06-30";NULL;NULL;NULL;NULL;NULL;NULL;NULL;NULL;NULL;NULL;NULL;NULL;NULL;"0";"1";"0";"0";"2";"1";"1";NULL;NULL;"2023-06-29 02:21:33";"2023-06-29 02:21:33"
"8";"2023-2024";"Tamil";"New Student";"L.K.G";NULL;NULL;NULL;"Swiming";"1000";"2023-06-30";NULL;NULL;NULL;NULL;NULL;NULL;NULL;NULL;NULL;NULL;"0";"0";"1";"0";"2";"1";"1";NULL;NULL;"2023-06-29 03:16:26";"2023-06-29 03:16:26"
"9";"2023-2024";"Tamil";"New Student";"L.K.G";NULL;NULL;NULL;"Yoga";"1000";"2023-06-30";NULL;NULL;NULL;NULL;NULL;NULL;NULL;NULL;NULL;NULL;"0";"0";"1";"0";"2";"1";"1";NULL;NULL;"2023-06-29 03:16:35";"2023-06-29 03:16:35"
"10";"2023-2024";"Tamil";"New Student";"L.K.G";NULL;NULL;NULL;NULL;NULL;NULL;"Unifrom";"1900";"2023-06-30";NULL;NULL;NULL;NULL;NULL;NULL;NULL;"0";"0";"0";"1";"2";"1";"1";NULL;NULL;"2023-06-29 03:17:08";"2023-06-29 03:17:08"
"11";"2023-2024";"Tamil";"New Student";"U.K.G";"Tution Fee";"2000";"2023-06-30";NULL;NULL;NULL;NULL;NULL;NULL;NULL;NULL;NULL;NULL;NULL;NULL;NULL;"0";"1";"0";"0";"2";"1";"1";NULL;NULL;"2023-06-29 03:18:54";"2023-06-29 03:18:54"
"12";"2023-2024";"Tamil";"New Student";"U.K.G";"Course Fee";"2000";"2023-06-30";NULL;NULL;NULL;NULL;NULL;NULL;NULL;NULL;NULL;NULL;NULL;NULL;NULL;"0";"1";"0";"0";"2";"1";"1";NULL;NULL;"2023-06-29 03:19:07";"2023-06-29 03:19:07"
"13";"2023-2024";"Tamil";"New Student";"U.K.G";NULL;NULL;NULL;"Swimimg";"1500";"2023-06-30";NULL;NULL;NULL;NULL;NULL;NULL;NULL;NULL;NULL;NULL;"0";"0";"1";"0";"2";"1";"1";NULL;NULL;"2023-06-29 03:19:24";"2023-06-29 03:19:24"
"14";"2023-2024";"Tamil";"New Student";"U.K.G";NULL;NULL;NULL;"Yoga";"1500";"2023-06-30";NULL;NULL;NULL;NULL;NULL;NULL;NULL;NULL;NULL;NULL;"0";"0";"1";"0";"2";"1";"1";NULL;NULL;"2023-06-29 03:19:29";"2023-06-29 03:19:29"
"15";"2023-2024";"Tamil";"New Student";"U.K.G";NULL;NULL;NULL;NULL;NULL;NULL;"Unifrom";"2700";"2023-06-30";NULL;NULL;NULL;NULL;NULL;NULL;NULL;"0";"0";"0";"1";"2";"1";"1";NULL;NULL;"2023-06-29 03:19:57";"2023-06-29 03:19:57"
"16";"2023-2024";"Tamil";"New Student";"I";"Tution Fee";"2500";"2023-06-30";NULL;NULL;NULL;NULL;NULL;NULL;NULL;NULL;NULL;NULL;NULL;NULL;NULL;"0";"1";"0";"0";"2";"1";"1";NULL;NULL;"2023-06-29 03:21:53";"2023-06-29 03:21:53"
"17";"2023-2024";"Tamil";"New Student";"I";"Course Fee";"2500";"2023-06-30";NULL;NULL;NULL;NULL;NULL;NULL;NULL;NULL;NULL;NULL;NULL;NULL;NULL;"0";"1";"0";"0";"2";"1";"1";NULL;NULL;"2023-06-29 03:22:05";"2023-06-29 03:22:05"
"18";"2023-2024";"Tamil";"New Student";"I";NULL;NULL;NULL;"Swiming";"2000";"2023-06-30";NULL;NULL;NULL;NULL;NULL;NULL;NULL;NULL;NULL;NULL;"0";"0";"1";"0";"2";"1";"1";NULL;NULL;"2023-06-29 03:22:32";"2023-06-29 03:22:32"
"19";"2023-2024";"Tamil";"New Student";"I";NULL;NULL;NULL;"Yoga";"2000";"2023-06-30";NULL;NULL;NULL;NULL;NULL;NULL;NULL;NULL;NULL;NULL;"0";"0";"1";"0";"2";"1";"1";NULL;NULL;"2023-06-29 03:22:39";"2023-06-29 03:22:39"
"20";"2023-2024";"Tamil";"New Student";"I";NULL;NULL;NULL;NULL;NULL;NULL;"Uniform";"2700";"2023-06-30";NULL;NULL;NULL;NULL;NULL;NULL;NULL;"0";"0";"0";"1";"2";"1";"1";NULL;NULL;"2023-06-29 03:23:21";"2023-06-29 03:23:21"
"21";"2023-2024";"Tamil";"New Student";"II";"Tution Fee";"3000";"2023-06-30";NULL;NULL;NULL;NULL;NULL;NULL;NULL;NULL;NULL;NULL;NULL;NULL;NULL;"0";"1";"0";"0";"2";"1";"1";NULL;NULL;"2023-06-29 03:24:14";"2023-06-29 03:24:14"
"22";"2023-2024";"Tamil";"New Student";"II";"Course Fee";"3000";"2023-06-30";NULL;NULL;NULL;NULL;NULL;NULL;NULL;NULL;NULL;NULL;NULL;NULL;NULL;"0";"1";"0";"0";"2";"1";"1";NULL;NULL;"2023-06-29 03:24:19";"2023-06-29 03:24:19"
"23";"2023-2024";"Tamil";"New Student";"II";NULL;NULL;NULL;"Swiming";"2000";"2023-06-30";NULL;NULL;NULL;NULL;NULL;NULL;NULL;NULL;NULL;NULL;"0";"0";"1";"0";"2";"1";"1";NULL;NULL;"2023-06-29 03:24:32";"2023-06-29 03:24:32"
"24";"2023-2024";"Tamil";"New Student";"II";NULL;NULL;NULL;"Yoga";"2000";"2023-06-30";NULL;NULL;NULL;NULL;NULL;NULL;NULL;NULL;NULL;NULL;"0";"0";"1";"0";"2";"1";"1";NULL;NULL;"2023-06-29 03:24:38";"2023-06-29 03:24:38"
"25";"2023-2024";"Tamil";"New Student";"II";NULL;NULL;NULL;NULL;NULL;NULL;"Uniform";"2700";"2023-06-30";NULL;NULL;NULL;NULL;NULL;NULL;NULL;"0";"0";"0";"1";"2";"1";"1";NULL;NULL;"2023-06-29 03:24:49";"2023-06-29 03:24:49"
"26";"2023-2024";"Tamil";"New Student";"III";"Course Fee";"3500";"2023-06-30";NULL;NULL;NULL;NULL;NULL;NULL;NULL;NULL;NULL;NULL;NULL;NULL;NULL;"0";"1";"0";"0";"2";"1";"1";NULL;NULL;"2023-06-29 03:25:37";"2023-06-29 03:25:37"
"27";"2023-2024";"Tamil";"New Student";"III";"Tution Fee";"3500";"2023-06-30";NULL;NULL;NULL;NULL;NULL;NULL;NULL;NULL;NULL;NULL;NULL;NULL;NULL;"0";"1";"0";"0";"2";"1";"1";NULL;NULL;"2023-06-29 03:25:41";"2023-06-29 03:25:41"
"28";"2023-2024";"Tamil";"New Student";"III";NULL;NULL;NULL;"Swiming";"2000";"2023-06-30";NULL;NULL;NULL;NULL;NULL;NULL;NULL;NULL;NULL;NULL;"0";"0";"1";"0";"2";"1";"1";NULL;NULL;"2023-06-29 03:25:51";"2023-06-29 03:25:51"
"29";"2023-2024";"Tamil";"New Student";"III";NULL;NULL;NULL;"Yoga";"2000";"2023-06-30";NULL;NULL;NULL;NULL;NULL;NULL;NULL;NULL;NULL;NULL;"0";"0";"1";"0";"2";"1";"1";NULL;NULL;"2023-06-29 03:25:57";"2023-06-29 03:25:57"
"30";"2023-2024";"Tamil";"New Student";"III";NULL;NULL;NULL;NULL;NULL;NULL;"Uniform";"2700";"2023-06-30";NULL;NULL;NULL;NULL;NULL;NULL;NULL;"0";"0";"0";"1";"2";"1";"1";NULL;NULL;"2023-06-29 03:26:04";"2023-06-29 03:26:04"
"31";"2023-2024";"Tamil";"New Student";"IV";NULL;NULL;NULL;"Swiming";"2000";"2023-06-30";NULL;NULL;NULL;NULL;NULL;NULL;NULL;NULL;NULL;NULL;"0";"0";"1";"0";"2";"1";"1";NULL;NULL;"2023-06-29 03:29:45";"2023-06-29 03:29:45"
"32";"2023-2024";"Tamil";"New Student";"IV";NULL;NULL;NULL;"Yoga";"2000";"2023-06-30";NULL;NULL;NULL;NULL;NULL;NULL;NULL;NULL;NULL;NULL;"0";"0";"1";"0";"2";"1";"1";NULL;NULL;"2023-06-29 03:29:56";"2023-06-29 03:29:56"
"33";"2023-2024";"Tamil";"New Student";"IV";NULL;NULL;NULL;NULL;NULL;NULL;"Unifrom";"2700";"2023-06-30";NULL;NULL;NULL;NULL;NULL;NULL;NULL;"0";"0";"0";"1";"2";"1";"1";NULL;NULL;"2023-06-29 03:30:18";"2023-06-29 03:30:18"
"34";"2023-2024";"Tamil";"New Student";"IV";"Tution Fee";"4000";"2023-06-30";NULL;NULL;NULL;NULL;NULL;NULL;NULL;NULL;NULL;NULL;NULL;NULL;NULL;"0";"1";"0";"0";"2";"1";"1";NULL;NULL;"2023-06-29 03:31:58";"2023-06-29 03:31:58"
"35";"2023-2024";"Tamil";"New Student";"IV";"Course";"4000";"2023-06-30";NULL;NULL;NULL;NULL;NULL;NULL;NULL;NULL;NULL;NULL;NULL;NULL;NULL;"0";"1";"0";"0";"2";"1";"1";NULL;NULL;"2023-06-29 03:32:09";"2023-06-29 03:32:09"
"36";"2023-2024";"Tamil";"New Student";"V";NULL;NULL;NULL;"Swiming";"2000";"2023-06-30";NULL;NULL;NULL;NULL;NULL;NULL;NULL;NULL;NULL;NULL;"0";"0";"1";"0";"2";"1";"1";NULL;NULL;"2023-06-29 03:32:18";"2023-06-29 03:32:18"
"37";"2023-2024";"Tamil";"New Student";"V";NULL;NULL;NULL;"Yoga";"2000";"2023-06-30";NULL;NULL;NULL;NULL;NULL;NULL;NULL;NULL;NULL;NULL;"0";"0";"1";"0";"2";"1";"1";NULL;NULL;"2023-06-29 03:32:23";"2023-06-29 03:32:23"
"38";"2023-2024";"Tamil";"New Student";"V";NULL;NULL;NULL;NULL;NULL;NULL;"Unifrom";"2700";"2023-06-30";NULL;NULL;NULL;NULL;NULL;NULL;NULL;"0";"0";"0";"1";"2";"1";"1";NULL;NULL;"2023-06-29 03:32:31";"2023-06-29 03:32:31"
"39";"2023-2024";"Tamil";"New Student";"V";"Tution Fee";"4500";"2023-06-30";NULL;NULL;NULL;NULL;NULL;NULL;NULL;NULL;NULL;NULL;NULL;NULL;NULL;"0";"1";"0";"0";"2";"1";"1";NULL;NULL;"2023-06-29 03:33:42";"2023-06-29 03:33:42"
"40";"2023-2024";"Tamil";"New Student";"V";"Course fee";"4500";"2023-06-30";NULL;NULL;NULL;NULL;NULL;NULL;NULL;NULL;NULL;NULL;NULL;NULL;NULL;"0";"1";"0";"0";"2";"1";"1";NULL;NULL;"2023-06-29 03:33:46";"2023-06-29 03:33:46"
"41";"2023-2024";"Tamil";"New Student";"VI";"Tution Fee";"4750";"2023-06-30";NULL;NULL;NULL;NULL;NULL;NULL;NULL;NULL;NULL;NULL;NULL;NULL;NULL;"0";"1";"0";"0";"2";"1";"1";NULL;NULL;"2023-06-29 03:33:42";"2023-06-29 03:33:42"
"42";"2023-2024";"Tamil";"New Student";"VI";"Course fee";"4750";"2023-06-30";NULL;NULL;NULL;NULL;NULL;NULL;NULL;NULL;NULL;NULL;NULL;NULL;NULL;"0";"1";"0";"0";"2";"1";"1";NULL;NULL;"2023-06-29 03:33:46";"2023-06-29 03:33:46"
"43";"2023-2024";"Tamil";"New Student";"VI";NULL;NULL;NULL;"Swiming";"2000";"2023-06-30";NULL;NULL;NULL;NULL;NULL;NULL;NULL;NULL;NULL;NULL;"0";"0";"1";"0";"2";"1";"1";NULL;NULL;"2023-06-29 03:34:07";"2023-06-29 03:34:07"
"44";"2023-2024";"Tamil";"New Student";"VI";NULL;NULL;NULL;"Yoga";"2000";"2023-06-30";NULL;NULL;NULL;NULL;NULL;NULL;NULL;NULL;NULL;NULL;"0";"0";"1";"0";"2";"1";"1";NULL;NULL;"2023-06-29 03:34:12";"2023-06-29 03:34:12"
"45";"2023-2024";"Tamil";"New Student";"VI";NULL;NULL;NULL;NULL;NULL;NULL;"Unifrom";"2700";"2023-06-30";NULL;NULL;NULL;NULL;NULL;NULL;NULL;"0";"0";"0";"1";"2";"1";"1";NULL;NULL;"2023-06-29 03:34:16";"2023-06-29 03:34:16"
"46";"2023-2024";"Tamil";"New Student";"VII";"Tution Fee";"5000";"2023-06-30";NULL;NULL;NULL;NULL;NULL;NULL;NULL;NULL;NULL;NULL;NULL;NULL;NULL;"0";"1";"0";"0";"2";"1";"1";NULL;NULL;"2023-06-29 03:33:42";"2023-06-29 03:33:42"
"47";"2023-2024";"Tamil";"New Student";"VII";"Course fee";"5000";"2023-06-30";NULL;NULL;NULL;NULL;NULL;NULL;NULL;NULL;NULL;NULL;NULL;NULL;NULL;"0";"1";"0";"0";"2";"1";"1";NULL;NULL;"2023-06-29 03:33:46";"2023-06-29 03:33:46"
"48";"2023-2024";"Tamil";"New Student";"VII";NULL;NULL;NULL;"Swiming";"2000";"2023-06-30";NULL;NULL;NULL;NULL;NULL;NULL;NULL;NULL;NULL;NULL;"0";"0";"1";"0";"2";"1";"1";NULL;NULL;"2023-06-29 03:34:07";"2023-06-29 03:34:07"
"49";"2023-2024";"Tamil";"New Student";"VII";NULL;NULL;NULL;"Yoga";"2000";"2023-06-30";NULL;NULL;NULL;NULL;NULL;NULL;NULL;NULL;NULL;NULL;"0";"0";"1";"0";"2";"1";"1";NULL;NULL;"2023-06-29 03:34:12";"2023-06-29 03:34:12"
"50";"2023-2024";"Tamil";"New Student";"VII";NULL;NULL;NULL;NULL;NULL;NULL;"Unifrom";"2700";"2023-06-30";NULL;NULL;NULL;NULL;NULL;NULL;NULL;"0";"0";"0";"1";"2";"1";"1";NULL;NULL;"2023-06-29 03:34:16";"2023-06-29 03:34:16"
"51";"2023-2024";"Tamil";"New Student";"VIII";"Tution Fee";"5250";"2023-06-30";NULL;NULL;NULL;NULL;NULL;NULL;NULL;NULL;NULL;NULL;NULL;NULL;NULL;"0";"1";"0";"0";"2";"1";"1";NULL;NULL;"2023-06-29 03:33:42";"2023-06-29 03:33:42"
"52";"2023-2024";"Tamil";"New Student";"VIII";"Course fee";"5250";"2023-06-30";NULL;NULL;NULL;NULL;NULL;NULL;NULL;NULL;NULL;NULL;NULL;NULL;NULL;"0";"1";"0";"0";"2";"1";"1";NULL;NULL;"2023-06-29 03:33:46";"2023-06-29 03:33:46"
"53";"2023-2024";"Tamil";"New Student";"VIII";NULL;NULL;NULL;"Swiming";"2000";"2023-06-30";NULL;NULL;NULL;NULL;NULL;NULL;NULL;NULL;NULL;NULL;"0";"0";"1";"0";"2";"1";"1";NULL;NULL;"2023-06-29 03:34:07";"2023-06-29 03:34:07"
"54";"2023-2024";"Tamil";"New Student";"VIII";NULL;NULL;NULL;"Yoga";"2000";"2023-06-30";NULL;NULL;NULL;NULL;NULL;NULL;NULL;NULL;NULL;NULL;"0";"0";"1";"0";"2";"1";"1";NULL;NULL;"2023-06-29 03:34:12";"2023-06-29 03:34:12"
"55";"2023-2024";"Tamil";"New Student";"VIII";NULL;NULL;NULL;NULL;NULL;NULL;"Unifrom";"2700";"2023-06-30";NULL;NULL;NULL;NULL;NULL;NULL;NULL;"0";"0";"0";"1";"2";"1";"1";NULL;NULL;"2023-06-29 03:34:16";"2023-06-29 03:34:16"
"56";"2023-2024";"Tamil";"New Student";"IX";"Tution Fee";"5500";"2023-06-30";NULL;NULL;NULL;NULL;NULL;NULL;NULL;NULL;NULL;NULL;NULL;NULL;NULL;"0";"1";"0";"0";"2";"1";"1";NULL;NULL;"2023-06-29 03:33:42";"2023-06-29 03:33:42"
"57";"2023-2024";"Tamil";"New Student";"IX";"Course fee";"5500";"2023-06-30";NULL;NULL;NULL;NULL;NULL;NULL;NULL;NULL;NULL;NULL;NULL;NULL;NULL;"0";"1";"0";"0";"2";"1";"1";NULL;NULL;"2023-06-29 03:33:46";"2023-06-29 03:33:46"
"58";"2023-2024";"Tamil";"New Student";"IX";NULL;NULL;NULL;"Swiming";"2000";"2023-06-30";NULL;NULL;NULL;NULL;NULL;NULL;NULL;NULL;NULL;NULL;"0";"0";"1";"0";"2";"1";"1";NULL;NULL;"2023-06-29 03:34:07";"2023-06-29 03:34:07"
"59";"2023-2024";"Tamil";"New Student";"IX";NULL;NULL;NULL;"Yoga";"2000";"2023-06-30";NULL;NULL;NULL;NULL;NULL;NULL;NULL;NULL;NULL;NULL;"0";"0";"1";"0";"2";"1";"1";NULL;NULL;"2023-06-29 03:34:12";"2023-06-29 03:34:12"
"60";"2023-2024";"Tamil";"New Student";"IX";NULL;NULL;NULL;NULL;NULL;NULL;"Unifrom";"2700";"2023-06-30";NULL;NULL;NULL;NULL;NULL;NULL;NULL;"0";"0";"0";"1";"2";"1";"1";NULL;NULL;"2023-06-29 03:34:16";"2023-06-29 03:34:16"
"61";"2023-2024";"Tamil";"New Student";"X";"Tution Fee";"5750";"2023-06-30";NULL;NULL;NULL;NULL;NULL;NULL;NULL;NULL;NULL;NULL;NULL;NULL;NULL;"0";"1";"0";"0";"2";"1";"1";NULL;NULL;"2023-06-29 03:33:42";"2023-06-29 03:33:42"
"62";"2023-2024";"Tamil";"New Student";"X";"Course fee";"5750";"2023-06-30";NULL;NULL;NULL;NULL;NULL;NULL;NULL;NULL;NULL;NULL;NULL;NULL;NULL;"0";"1";"0";"0";"2";"1";"1";NULL;NULL;"2023-06-29 03:33:46";"2023-06-29 03:33:46"
"63";"2023-2024";"Tamil";"New Student";"X";NULL;NULL;NULL;"Swiming";"2000";"2023-06-30";NULL;NULL;NULL;NULL;NULL;NULL;NULL;NULL;NULL;NULL;"0";"0";"1";"0";"2";"1";"1";NULL;NULL;"2023-06-29 03:34:07";"2023-06-29 03:34:07"
"64";"2023-2024";"Tamil";"New Student";"X";NULL;NULL;NULL;"Yoga";"2000";"2023-06-30";NULL;NULL;NULL;NULL;NULL;NULL;NULL;NULL;NULL;NULL;"0";"0";"1";"0";"2";"1";"1";NULL;NULL;"2023-06-29 03:34:12";"2023-06-29 03:34:12"
"65";"2023-2024";"Tamil";"New Student";"X";NULL;NULL;NULL;NULL;NULL;NULL;"Unifrom";"2700";"2023-06-30";NULL;NULL;NULL;NULL;NULL;NULL;NULL;"0";"0";"0";"1";"2";"1";"1";NULL;NULL;"2023-06-29 03:34:16";"2023-06-29 03:34:16"
"66";"2023-2024";"Tamil";"New Student";"XI_All";"Tution Fee";"6000";"2023-06-30";NULL;NULL;NULL;NULL;NULL;NULL;NULL;NULL;NULL;NULL;NULL;NULL;NULL;"0";"1";"0";"0";"2";"1";"1";NULL;NULL;"2023-06-29 03:33:42";"2023-06-29 03:33:42"
"67";"2023-2024";"Tamil";"New Student";"XI_All";"Course fee";"6000";"2023-06-30";NULL;NULL;NULL;NULL;NULL;NULL;NULL;NULL;NULL;NULL;NULL;NULL;NULL;"0";"1";"0";"0";"2";"1";"1";NULL;NULL;"2023-06-29 03:33:46";"2023-06-29 03:33:46"
"68";"2023-2024";"Tamil";"New Student";"XI_All";NULL;NULL;NULL;"Swiming";"2000";"2023-06-30";NULL;NULL;NULL;NULL;NULL;NULL;NULL;NULL;NULL;NULL;"0";"0";"1";"0";"2";"1";"1";NULL;NULL;"2023-06-29 03:34:07";"2023-06-29 03:34:07"
"69";"2023-2024";"Tamil";"New Student";"XI_All";NULL;NULL;NULL;"Yoga";"2000";"2023-06-30";NULL;NULL;NULL;NULL;NULL;NULL;NULL;NULL;NULL;NULL;"0";"0";"1";"0";"2";"1";"1";NULL;NULL;"2023-06-29 03:34:12";"2023-06-29 03:34:12"
"70";"2023-2024";"Tamil";"New Student";"XI_All";NULL;NULL;NULL;NULL;NULL;NULL;"Unifrom";"2700";"2023-06-30";NULL;NULL;NULL;NULL;NULL;NULL;NULL;"0";"0";"0";"1";"2";"1";"1";NULL;NULL;"2023-06-29 03:34:16";"2023-06-29 03:34:16"
"71";"2023-2024";"Tamil";"New Student";"XI_Maths_Biology";"Tution Fee";"6250";"2023-06-30";NULL;NULL;NULL;NULL;NULL;NULL;NULL;NULL;NULL;NULL;NULL;NULL;NULL;"0";"1";"0";"0";"2";"1";"1";NULL;NULL;"2023-06-29 03:33:42";"2023-06-29 03:33:42"
"72";"2023-2024";"Tamil";"New Student";"XI_Maths_Biology";"Course fee";"6250";"2023-06-30";NULL;NULL;NULL;NULL;NULL;NULL;NULL;NULL;NULL;NULL;NULL;NULL;NULL;"0";"1";"0";"0";"2";"1";"1";NULL;NULL;"2023-06-29 03:33:46";"2023-06-29 03:33:46"
"73";"2023-2024";"Tamil";"New Student";"XI_Maths_Biology";NULL;NULL;NULL;"Swiming";"2000";"2023-06-30";NULL;NULL;NULL;NULL;NULL;NULL;NULL;NULL;NULL;NULL;"0";"0";"1";"0";"2";"1";"1";NULL;NULL;"2023-06-29 03:34:07";"2023-06-29 03:34:07"
"74";"2023-2024";"Tamil";"New Student";"XI_Maths_Biology";NULL;NULL;NULL;"Yoga";"2000";"2023-06-30";NULL;NULL;NULL;NULL;NULL;NULL;NULL;NULL;NULL;NULL;"0";"0";"1";"0";"2";"1";"1";NULL;NULL;"2023-06-29 03:34:12";"2023-06-29 03:34:12"
"75";"2023-2024";"Tamil";"New Student";"XI_Maths_Biology";NULL;NULL;NULL;NULL;NULL;NULL;"Unifrom";"2700";"2023-06-30";NULL;NULL;NULL;NULL;NULL;NULL;NULL;"0";"0";"0";"1";"2";"1";"1";NULL;NULL;"2023-06-29 03:34:16";"2023-06-29 03:34:16"
"76";"2023-2024";"Tamil";"New Student";"XI_Maths_ComputerScience";"Tution Fee";"6500";"2023-06-30";NULL;NULL;NULL;NULL;NULL;NULL;NULL;NULL;NULL;NULL;NULL;NULL;NULL;"0";"1";"0";"0";"2";"1";"1";NULL;NULL;"2023-06-29 03:33:42";"2023-06-29 03:33:42"
"77";"2023-2024";"Tamil";"New Student";"XI_Maths_ComputerScience";"Course fee";"6500";"2023-06-30";NULL;NULL;NULL;NULL;NULL;NULL;NULL;NULL;NULL;NULL;NULL;NULL;NULL;"0";"1";"0";"0";"2";"1";"1";NULL;NULL;"2023-06-29 03:33:46";"2023-06-29 03:33:46"
"78";"2023-2024";"Tamil";"New Student";"XI_Maths_ComputerScience";NULL;NULL;NULL;"Swiming";"2000";"2023-06-30";NULL;NULL;NULL;NULL;NULL;NULL;NULL;NULL;NULL;NULL;"0";"0";"1";"0";"2";"1";"1";NULL;NULL;"2023-06-29 03:34:07";"2023-06-29 03:34:07"
"79";"2023-2024";"Tamil";"New Student";"XI_Maths_ComputerScience";NULL;NULL;NULL;"Yoga";"2000";"2023-06-30";NULL;NULL;NULL;NULL;NULL;NULL;NULL;NULL;NULL;NULL;"0";"0";"1";"0";"2";"1";"1";NULL;NULL;"2023-06-29 03:34:12";"2023-06-29 03:34:12"
"80";"2023-2024";"Tamil";"New Student";"XI_Maths_ComputerScience";NULL;NULL;NULL;NULL;NULL;NULL;"Unifrom";"2700";"2023-06-30";NULL;NULL;NULL;NULL;NULL;NULL;NULL;"0";"0";"0";"1";"2";"1";"1";NULL;NULL;"2023-06-29 03:34:16";"2023-06-29 03:34:16"
"81";"2023-2024";"Tamil";"New Student";"XI_Biology_ComputerScience";"Tution Fee";"6750";"2023-06-30";NULL;NULL;NULL;NULL;NULL;NULL;NULL;NULL;NULL;NULL;NULL;NULL;NULL;"0";"1";"0";"0";"2";"1";"1";NULL;NULL;"2023-06-29 03:33:42";"2023-06-29 03:33:42"
"82";"2023-2024";"Tamil";"New Student";"XI_Biology_ComputerScience";"Course fee";"6750";"2023-06-30";NULL;NULL;NULL;NULL;NULL;NULL;NULL;NULL;NULL;NULL;NULL;NULL;NULL;"0";"1";"0";"0";"2";"1";"1";NULL;NULL;"2023-06-29 03:33:46";"2023-06-29 03:33:46"
"83";"2023-2024";"Tamil";"New Student";"XI_Biology_ComputerScience";NULL;NULL;NULL;"Swiming";"2000";"2023-06-30";NULL;NULL;NULL;NULL;NULL;NULL;NULL;NULL;NULL;NULL;"0";"0";"1";"0";"2";"1";"1";NULL;NULL;"2023-06-29 03:34:07";"2023-06-29 03:34:07"
"84";"2023-2024";"Tamil";"New Student";"XI_Biology_ComputerScience";NULL;NULL;NULL;"Yoga";"2000";"2023-06-30";NULL;NULL;NULL;NULL;NULL;NULL;NULL;NULL;NULL;NULL;"0";"0";"1";"0";"2";"1";"1";NULL;NULL;"2023-06-29 03:34:12";"2023-06-29 03:34:12"
"85";"2023-2024";"Tamil";"New Student";"XI_Biology_ComputerScience";NULL;NULL;NULL;NULL;NULL;NULL;"Unifrom";"2700";"2023-06-30";NULL;NULL;NULL;NULL;NULL;NULL;NULL;"0";"0";"0";"1";"2";"1";"1";NULL;NULL;"2023-06-29 03:34:16";"2023-06-29 03:34:16"
"86";"2023-2024";"Tamil";"New Student";"XII_All";"Tution Fee";"7000";"2023-06-30";NULL;NULL;NULL;NULL;NULL;NULL;NULL;NULL;NULL;NULL;NULL;NULL;NULL;"0";"1";"0";"0";"2";"1";"1";NULL;NULL;"2023-06-29 03:33:42";"2023-06-29 03:33:42"
"87";"2023-2024";"Tamil";"New Student";"XII_All";"Course fee";"7000";"2023-06-30";NULL;NULL;NULL;NULL;NULL;NULL;NULL;NULL;NULL;NULL;NULL;NULL;NULL;"0";"1";"0";"0";"2";"1";"1";NULL;NULL;"2023-06-29 03:33:46";"2023-06-29 03:33:46"
"88";"2023-2024";"Tamil";"New Student";"XII_All";NULL;NULL;NULL;"Swiming";"2000";"2023-06-30";NULL;NULL;NULL;NULL;NULL;NULL;NULL;NULL;NULL;NULL;"0";"0";"1";"0";"2";"1";"1";NULL;NULL;"2023-06-29 03:34:07";"2023-06-29 03:34:07"
"89";"2023-2024";"Tamil";"New Student";"XII_All";NULL;NULL;NULL;"Yoga";"2000";"2023-06-30";NULL;NULL;NULL;NULL;NULL;NULL;NULL;NULL;NULL;NULL;"0";"0";"1";"0";"2";"1";"1";NULL;NULL;"2023-06-29 03:34:12";"2023-06-29 03:34:12"
"90";"2023-2024";"Tamil";"New Student";"XII_All";NULL;NULL;NULL;NULL;NULL;NULL;"Unifrom";"2700";"2023-06-30";NULL;NULL;NULL;NULL;NULL;NULL;NULL;"0";"0";"0";"1";"2";"1";"1";NULL;NULL;"2023-06-29 03:34:16";"2023-06-29 03:34:16"
"91";"2023-2024";"Tamil";"New Student";"XII_Maths_Biology";"Tution Fee";"7250";"2023-06-30";NULL;NULL;NULL;NULL;NULL;NULL;NULL;NULL;NULL;NULL;NULL;NULL;NULL;"0";"1";"0";"0";"2";"1";"1";NULL;NULL;"2023-06-29 03:33:42";"2023-06-29 03:33:42"
"92";"2023-2024";"Tamil";"New Student";"XII_Maths_Biology";"Course fee";"7250";"2023-06-30";NULL;NULL;NULL;NULL;NULL;NULL;NULL;NULL;NULL;NULL;NULL;NULL;NULL;"0";"1";"0";"0";"2";"1";"1";NULL;NULL;"2023-06-29 03:33:46";"2023-06-29 03:33:46"
"93";"2023-2024";"Tamil";"New Student";"XII_Maths_Biology";NULL;NULL;NULL;"Swiming";"2000";"2023-06-30";NULL;NULL;NULL;NULL;NULL;NULL;NULL;NULL;NULL;NULL;"0";"0";"1";"0";"2";"1";"1";NULL;NULL;"2023-06-29 03:34:07";"2023-06-29 03:34:07"
"94";"2023-2024";"Tamil";"New Student";"XII_Maths_Biology";NULL;NULL;NULL;"Yoga";"2000";"2023-06-30";NULL;NULL;NULL;NULL;NULL;NULL;NULL;NULL;NULL;NULL;"0";"0";"1";"0";"2";"1";"1";NULL;NULL;"2023-06-29 03:34:12";"2023-06-29 03:34:12"
"95";"2023-2024";"Tamil";"New Student";"XII_Maths_Biology";NULL;NULL;NULL;NULL;NULL;NULL;"Unifrom";"2700";"2023-06-30";NULL;NULL;NULL;NULL;NULL;NULL;NULL;"0";"0";"0";"1";"2";"1";"1";NULL;NULL;"2023-06-29 03:34:16";"2023-06-29 03:34:16"
"96";"2023-2024";"Tamil";"New Student";"XII_Maths_ComputerScience";"Tution Fee";"7500";"2023-06-30";NULL;NULL;NULL;NULL;NULL;NULL;NULL;NULL;NULL;NULL;NULL;NULL;NULL;"0";"1";"0";"0";"2";"1";"1";NULL;NULL;"2023-06-29 03:33:42";"2023-06-29 03:33:42"
"97";"2023-2024";"Tamil";"New Student";"XII_Maths_ComputerScience";"Course fee";"7500";"2023-06-30";NULL;NULL;NULL;NULL;NULL;NULL;NULL;NULL;NULL;NULL;NULL;NULL;NULL;"0";"1";"0";"0";"2";"1";"1";NULL;NULL;"2023-06-29 03:33:46";"2023-06-29 03:33:46"
"98";"2023-2024";"Tamil";"New Student";"XII_Maths_ComputerScience";NULL;NULL;NULL;"Swiming";"2000";"2023-06-30";NULL;NULL;NULL;NULL;NULL;NULL;NULL;NULL;NULL;NULL;"0";"0";"1";"0";"2";"1";"1";NULL;NULL;"2023-06-29 03:34:07";"2023-06-29 03:34:07"
"99";"2023-2024";"Tamil";"New Student";"XII_Maths_ComputerScience";NULL;NULL;NULL;"Yoga";"2000";"2023-06-30";NULL;NULL;NULL;NULL;NULL;NULL;NULL;NULL;NULL;NULL;"0";"0";"1";"0";"2";"1";"1";NULL;NULL;"2023-06-29 03:34:12";"2023-06-29 03:34:12"
"100";"2023-2024";"Tamil";"New Student";"XII_Maths_ComputerScience";NULL;NULL;NULL;NULL;NULL;NULL;"Unifrom";"2700";"2023-06-30";NULL;NULL;NULL;NULL;NULL;NULL;NULL;"0";"0";"0";"1";"2";"1";"1";NULL;NULL;"2023-06-29 03:34:16";"2023-06-29 03:34:16"
"101";"2023-2024";"Tamil";"New Student";"XII_Biology_ComputerScience";"Tution Fee";"8000";"2023-06-30";NULL;NULL;NULL;NULL;NULL;NULL;NULL;NULL;NULL;NULL;NULL;NULL;NULL;"0";"1";"0";"0";"2";"1";"1";NULL;NULL;"2023-06-29 03:33:42";"2023-06-29 03:33:42"
"102";"2023-2024";"Tamil";"New Student";"XII_Biology_ComputerScience";"Course fee";"8000";"2023-06-30";NULL;NULL;NULL;NULL;NULL;NULL;NULL;NULL;NULL;NULL;NULL;NULL;NULL;"0";"1";"0";"0";"2";"1";"1";NULL;NULL;"2023-06-29 03:33:46";"2023-06-29 03:33:46"
"103";"2023-2024";"Tamil";"New Student";"XII_Biology_ComputerScience";NULL;NULL;NULL;"Swiming";"2000";"2023-06-30";NULL;NULL;NULL;NULL;NULL;NULL;NULL;NULL;NULL;NULL;"0";"0";"1";"0";"2";"1";"1";NULL;NULL;"2023-06-29 03:34:07";"2023-06-29 03:34:07"
"104";"2023-2024";"Tamil";"New Student";"XII_Biology_ComputerScience";NULL;NULL;NULL;"Yoga";"2000";"2023-06-30";NULL;NULL;NULL;NULL;NULL;NULL;NULL;NULL;NULL;NULL;"0";"0";"1";"0";"2";"1";"1";NULL;NULL;"2023-06-29 03:34:12";"2023-06-29 03:34:12"
"105";"2023-2024";"Tamil";"New Student";"XII_Biology_ComputerScience";NULL;NULL;NULL;NULL;NULL;NULL;"Unifrom";"2700";"2023-06-30";NULL;NULL;NULL;NULL;NULL;NULL;NULL;"0";"0";"0";"1";"2";"1";"1";NULL;NULL;"2023-06-29 03:34:16";"2023-06-29 03:34:16"
"106";"2023-2024";"English";"New Student";"PRE.K.G";"Tution Fee";"1100";"2023-06-30";NULL;NULL;NULL;NULL;NULL;NULL;NULL;NULL;NULL;NULL;NULL;NULL;NULL;"0";"1";"0";"0";"2";"1";"1";NULL;NULL;"2023-06-29 02:06:29";"2023-06-29 02:06:29"
"107";"2023-2024";"English";"New Student";"PRE.K.G";" Course Fee";"1100";"2023-06-30";NULL;NULL;NULL;NULL;NULL;NULL;NULL;NULL;NULL;NULL;NULL;NULL;NULL;"0";"1";"0";"0";"2";"1";"1";NULL;NULL;"2023-06-29 02:07:01";"2023-06-29 02:07:01"
"108";"2023-2024";"English";"New Student";"PRE.K.G";NULL;NULL;NULL;"Swiming";"500";"2023-06-30";NULL;NULL;NULL;NULL;NULL;NULL;NULL;NULL;NULL;NULL;"0";"0";"1";"0";"2";"1";"1";NULL;NULL;"2023-06-29 02:07:30";"2023-06-29 02:07:30"
"109";"2023-2024";"English";"New Student";"PRE.K.G";NULL;NULL;NULL;"Yoga";"500";"2023-06-30";NULL;NULL;NULL;NULL;NULL;NULL;NULL;NULL;NULL;NULL;"0";"0";"1";"0";"2";"1";"1";NULL;NULL;"2023-06-29 02:07:40";"2023-06-29 02:07:40"
"110";"2023-2024";"English";"New Student";"PRE.K.G";NULL;NULL;NULL;NULL;NULL;NULL;"Unifrom";"800";"2023-06-30";NULL;NULL;NULL;NULL;NULL;NULL;NULL;"0";"0";"0";"1";"2";"1";"1";NULL;NULL;"2023-06-29 02:08:09";"2023-06-29 02:08:09"
"111";"2023-2024";"English";"New Student";"L.K.G";"Tution Fee";"1600";"2023-06-30";NULL;NULL;NULL;NULL;NULL;NULL;NULL;NULL;NULL;NULL;NULL;NULL;NULL;"0";"1";"0";"0";"2";"1";"1";NULL;NULL;"2023-06-29 02:21:11";"2023-06-29 02:21:11"
"112";"2023-2024";"English";"New Student";"L.K.G";"Course Fee";"1600";"2023-06-30";NULL;NULL;NULL;NULL;NULL;NULL;NULL;NULL;NULL;NULL;NULL;NULL;NULL;"0";"1";"0";"0";"2";"1";"1";NULL;NULL;"2023-06-29 02:21:33";"2023-06-29 02:21:33"
"113";"2023-2024";"English";"New Student";"L.K.G";NULL;NULL;NULL;"Swiming";"1000";"2023-06-30";NULL;NULL;NULL;NULL;NULL;NULL;NULL;NULL;NULL;NULL;"0";"0";"1";"0";"2";"1";"1";NULL;NULL;"2023-06-29 03:16:26";"2023-06-29 03:16:26"
"114";"2023-2024";"English";"New Student";"L.K.G";NULL;NULL;NULL;"Yoga";"1000";"2023-06-30";NULL;NULL;NULL;NULL;NULL;NULL;NULL;NULL;NULL;NULL;"0";"0";"1";"0";"2";"1";"1";NULL;NULL;"2023-06-29 03:16:35";"2023-06-29 03:16:35"
"115";"2023-2024";"English";"New Student";"L.K.G";NULL;NULL;NULL;NULL;NULL;NULL;"Unifrom";"1900";"2023-06-30";NULL;NULL;NULL;NULL;NULL;NULL;NULL;"0";"0";"0";"1";"2";"1";"1";NULL;NULL;"2023-06-29 03:17:08";"2023-06-29 03:17:08"
"116";"2023-2024";"English";"New Student";"U.K.G";"Tution Fee";"2100";"2023-06-30";NULL;NULL;NULL;NULL;NULL;NULL;NULL;NULL;NULL;NULL;NULL;NULL;NULL;"0";"1";"0";"0";"2";"1";"1";NULL;NULL;"2023-06-29 03:18:54";"2023-06-29 03:18:54"
"117";"2023-2024";"English";"New Student";"U.K.G";"Course Fee";"2100";"2023-06-30";NULL;NULL;NULL;NULL;NULL;NULL;NULL;NULL;NULL;NULL;NULL;NULL;NULL;"0";"1";"0";"0";"2";"1";"1";NULL;NULL;"2023-06-29 03:19:07";"2023-06-29 03:19:07"
"118";"2023-2024";"English";"New Student";"U.K.G";NULL;NULL;NULL;"Swimimg";"1500";"2023-06-30";NULL;NULL;NULL;NULL;NULL;NULL;NULL;NULL;NULL;NULL;"0";"0";"1";"0";"2";"1";"1";NULL;NULL;"2023-06-29 03:19:24";"2023-06-29 03:19:24"
"119";"2023-2024";"English";"New Student";"U.K.G";NULL;NULL;NULL;"Yoga";"1500";"2023-06-30";NULL;NULL;NULL;NULL;NULL;NULL;NULL;NULL;NULL;NULL;"0";"0";"1";"0";"2";"1";"1";NULL;NULL;"2023-06-29 03:19:29";"2023-06-29 03:19:29"
"120";"2023-2024";"English";"New Student";"U.K.G";NULL;NULL;NULL;NULL;NULL;NULL;"Unifrom";"2700";"2023-06-30";NULL;NULL;NULL;NULL;NULL;NULL;NULL;"0";"0";"0";"1";"2";"1";"1";NULL;NULL;"2023-06-29 03:19:57";"2023-06-29 03:19:57"
"121";"2023-2024";"English";"New Student";"I";"Tution Fee";"2600";"2023-06-30";NULL;NULL;NULL;NULL;NULL;NULL;NULL;NULL;NULL;NULL;NULL;NULL;NULL;"0";"1";"0";"0";"2";"1";"1";NULL;NULL;"2023-06-29 03:21:53";"2023-06-29 03:21:53"
"122";"2023-2024";"English";"New Student";"I";"Course Fee";"2600";"2023-06-30";NULL;NULL;NULL;NULL;NULL;NULL;NULL;NULL;NULL;NULL;NULL;NULL;NULL;"0";"1";"0";"0";"2";"1";"1";NULL;NULL;"2023-06-29 03:22:05";"2023-06-29 03:22:05"
"123";"2023-2024";"English";"New Student";"I";NULL;NULL;NULL;"Swiming";"2000";"2023-06-30";NULL;NULL;NULL;NULL;NULL;NULL;NULL;NULL;NULL;NULL;"0";"0";"1";"0";"2";"1";"1";NULL;NULL;"2023-06-29 03:22:32";"2023-06-29 03:22:32"
"124";"2023-2024";"English";"New Student";"I";NULL;NULL;NULL;"Yoga";"2000";"2023-06-30";NULL;NULL;NULL;NULL;NULL;NULL;NULL;NULL;NULL;NULL;"0";"0";"1";"0";"2";"1";"1";NULL;NULL;"2023-06-29 03:22:39";"2023-06-29 03:22:39"
"125";"2023-2024";"English";"New Student";"I";NULL;NULL;NULL;NULL;NULL;NULL;"Uniform";"2700";"2023-06-30";NULL;NULL;NULL;NULL;NULL;NULL;NULL;"0";"0";"0";"1";"2";"1";"1";NULL;NULL;"2023-06-29 03:23:21";"2023-06-29 03:23:21"
"126";"2023-2024";"English";"New Student";"II";"Tution Fee";"3100";"2023-06-30";NULL;NULL;NULL;NULL;NULL;NULL;NULL;NULL;NULL;NULL;NULL;NULL;NULL;"0";"1";"0";"0";"2";"1";"1";NULL;NULL;"2023-06-29 03:24:14";"2023-06-29 03:24:14"
"127";"2023-2024";"English";"New Student";"II";"Course Fee";"3100";"2023-06-30";NULL;NULL;NULL;NULL;NULL;NULL;NULL;NULL;NULL;NULL;NULL;NULL;NULL;"0";"1";"0";"0";"2";"1";"1";NULL;NULL;"2023-06-29 03:24:19";"2023-06-29 03:24:19"
"128";"2023-2024";"English";"New Student";"II";NULL;NULL;NULL;"Swiming";"2000";"2023-06-30";NULL;NULL;NULL;NULL;NULL;NULL;NULL;NULL;NULL;NULL;"0";"0";"1";"0";"2";"1";"1";NULL;NULL;"2023-06-29 03:24:32";"2023-06-29 03:24:32"
"129";"2023-2024";"English";"New Student";"II";NULL;NULL;NULL;"Yoga";"2000";"2023-06-30";NULL;NULL;NULL;NULL;NULL;NULL;NULL;NULL;NULL;NULL;"0";"0";"1";"0";"2";"1";"1";NULL;NULL;"2023-06-29 03:24:38";"2023-06-29 03:24:38"
"130";"2023-2024";"English";"New Student";"II";NULL;NULL;NULL;NULL;NULL;NULL;"Uniform";"2700";"2023-06-30";NULL;NULL;NULL;NULL;NULL;NULL;NULL;"0";"0";"0";"1";"2";"1";"1";NULL;NULL;"2023-06-29 03:24:49";"2023-06-29 03:24:49"
"131";"2023-2024";"English";"New Student";"III";"Course Fee";"3600";"2023-06-30";NULL;NULL;NULL;NULL;NULL;NULL;NULL;NULL;NULL;NULL;NULL;NULL;NULL;"0";"1";"0";"0";"2";"1";"1";NULL;NULL;"2023-06-29 03:25:37";"2023-06-29 03:25:37"
"132";"2023-2024";"English";"New Student";"III";"Tution Fee";"3600";"2023-06-30";NULL;NULL;NULL;NULL;NULL;NULL;NULL;NULL;NULL;NULL;NULL;NULL;NULL;"0";"1";"0";"0";"2";"1";"1";NULL;NULL;"2023-06-29 03:25:41";"2023-06-29 03:25:41"
"133";"2023-2024";"English";"New Student";"III";NULL;NULL;NULL;"Swiming";"2000";"2023-06-30";NULL;NULL;NULL;NULL;NULL;NULL;NULL;NULL;NULL;NULL;"0";"0";"1";"0";"2";"1";"1";NULL;NULL;"2023-06-29 03:25:51";"2023-06-29 03:25:51"
"134";"2023-2024";"English";"New Student";"III";NULL;NULL;NULL;"Yoga";"2000";"2023-06-30";NULL;NULL;NULL;NULL;NULL;NULL;NULL;NULL;NULL;NULL;"0";"0";"1";"0";"2";"1";"1";NULL;NULL;"2023-06-29 03:25:57";"2023-06-29 03:25:57"
"135";"2023-2024";"English";"New Student";"III";NULL;NULL;NULL;NULL;NULL;NULL;"Uniform";"2700";"2023-06-30";NULL;NULL;NULL;NULL;NULL;NULL;NULL;"0";"0";"0";"1";"2";"1";"1";NULL;NULL;"2023-06-29 03:26:04";"2023-06-29 03:26:04"
"136";"2023-2024";"English";"New Student";"IV";NULL;NULL;NULL;"Swiming";"2000";"2023-06-30";NULL;NULL;NULL;NULL;NULL;NULL;NULL;NULL;NULL;NULL;"0";"0";"1";"0";"2";"1";"1";NULL;NULL;"2023-06-29 03:29:45";"2023-06-29 03:29:45"
"137";"2023-2024";"English";"New Student";"IV";NULL;NULL;NULL;"Yoga";"2000";"2023-06-30";NULL;NULL;NULL;NULL;NULL;NULL;NULL;NULL;NULL;NULL;"0";"0";"1";"0";"2";"1";"1";NULL;NULL;"2023-06-29 03:29:56";"2023-06-29 03:29:56"
"138";"2023-2024";"English";"New Student";"IV";NULL;NULL;NULL;NULL;NULL;NULL;"Unifrom";"2700";"2023-06-30";NULL;NULL;NULL;NULL;NULL;NULL;NULL;"0";"0";"0";"1";"2";"1";"1";NULL;NULL;"2023-06-29 03:30:18";"2023-06-29 03:30:18"
"139";"2023-2024";"English";"New Student";"IV";"Tution Fee";"4100";"2023-06-30";NULL;NULL;NULL;NULL;NULL;NULL;NULL;NULL;NULL;NULL;NULL;NULL;NULL;"0";"1";"0";"0";"2";"1";"1";NULL;NULL;"2023-06-29 03:31:58";"2023-06-29 03:31:58"
"140";"2023-2024";"English";"New Student";"IV";"Course";"4100";"2023-06-30";NULL;NULL;NULL;NULL;NULL;NULL;NULL;NULL;NULL;NULL;NULL;NULL;NULL;"0";"1";"0";"0";"2";"1";"1";NULL;NULL;"2023-06-29 03:32:09";"2023-06-29 03:32:09"
"141";"2023-2024";"English";"New Student";"V";NULL;NULL;NULL;"Swiming";"2000";"2023-06-30";NULL;NULL;NULL;NULL;NULL;NULL;NULL;NULL;NULL;NULL;"0";"0";"1";"0";"2";"1";"1";NULL;NULL;"2023-06-29 03:32:18";"2023-06-29 03:32:18"
"142";"2023-2024";"English";"New Student";"V";NULL;NULL;NULL;"Yoga";"2000";"2023-06-30";NULL;NULL;NULL;NULL;NULL;NULL;NULL;NULL;NULL;NULL;"0";"0";"1";"0";"2";"1";"1";NULL;NULL;"2023-06-29 03:32:23";"2023-06-29 03:32:23"
"143";"2023-2024";"English";"New Student";"V";NULL;NULL;NULL;NULL;NULL;NULL;"Unifrom";"2700";"2023-06-30";NULL;NULL;NULL;NULL;NULL;NULL;NULL;"0";"0";"0";"1";"2";"1";"1";NULL;NULL;"2023-06-29 03:32:31";"2023-06-29 03:32:31"
"144";"2023-2024";"English";"New Student";"V";"Tution Fee";"4600";"2023-06-30";NULL;NULL;NULL;NULL;NULL;NULL;NULL;NULL;NULL;NULL;NULL;NULL;NULL;"0";"1";"0";"0";"2";"1";"1";NULL;NULL;"2023-06-29 03:33:42";"2023-06-29 03:33:42"
"145";"2023-2024";"English";"New Student";"V";"Course fee";"4600";"2023-06-30";NULL;NULL;NULL;NULL;NULL;NULL;NULL;NULL;NULL;NULL;NULL;NULL;NULL;"0";"1";"0";"0";"2";"1";"1";NULL;NULL;"2023-06-29 03:33:46";"2023-06-29 03:33:46"
"146";"2023-2024";"English";"New Student";"VI";"Tution Fee";"4850";"2023-06-30";NULL;NULL;NULL;NULL;NULL;NULL;NULL;NULL;NULL;NULL;NULL;NULL;NULL;"0";"1";"0";"0";"2";"1";"1";NULL;NULL;"2023-06-29 03:33:42";"2023-06-29 03:33:42"
"147";"2023-2024";"English";"New Student";"VI";"Course fee";"4850";"2023-06-30";NULL;NULL;NULL;NULL;NULL;NULL;NULL;NULL;NULL;NULL;NULL;NULL;NULL;"0";"1";"0";"0";"2";"1";"1";NULL;NULL;"2023-06-29 03:33:46";"2023-06-29 03:33:46"
"148";"2023-2024";"English";"New Student";"VI";NULL;NULL;NULL;"Swiming";"2000";"2023-06-30";NULL;NULL;NULL;NULL;NULL;NULL;NULL;NULL;NULL;NULL;"0";"0";"1";"0";"2";"1";"1";NULL;NULL;"2023-06-29 03:34:07";"2023-06-29 03:34:07"
"149";"2023-2024";"English";"New Student";"VI";NULL;NULL;NULL;"Yoga";"2000";"2023-06-30";NULL;NULL;NULL;NULL;NULL;NULL;NULL;NULL;NULL;NULL;"0";"0";"1";"0";"2";"1";"1";NULL;NULL;"2023-06-29 03:34:12";"2023-06-29 03:34:12"
"150";"2023-2024";"English";"New Student";"VI";NULL;NULL;NULL;NULL;NULL;NULL;"Unifrom";"2700";"2023-06-30";NULL;NULL;NULL;NULL;NULL;NULL;NULL;"0";"0";"0";"1";"2";"1";"1";NULL;NULL;"2023-06-29 03:34:16";"2023-06-29 03:34:16"
"151";"2023-2024";"English";"New Student";"VII";"Tution Fee";"5100";"2023-06-30";NULL;NULL;NULL;NULL;NULL;NULL;NULL;NULL;NULL;NULL;NULL;NULL;NULL;"0";"1";"0";"0";"2";"1";"1";NULL;NULL;"2023-06-29 03:33:42";"2023-06-29 03:33:42"
"152";"2023-2024";"English";"New Student";"VII";"Course fee";"5100";"2023-06-30";NULL;NULL;NULL;NULL;NULL;NULL;NULL;NULL;NULL;NULL;NULL;NULL;NULL;"0";"1";"0";"0";"2";"1";"1";NULL;NULL;"2023-06-29 03:33:46";"2023-06-29 03:33:46"
"153";"2023-2024";"English";"New Student";"VII";NULL;NULL;NULL;"Swiming";"2000";"2023-06-30";NULL;NULL;NULL;NULL;NULL;NULL;NULL;NULL;NULL;NULL;"0";"0";"1";"0";"2";"1";"1";NULL;NULL;"2023-06-29 03:34:07";"2023-06-29 03:34:07"
"154";"2023-2024";"English";"New Student";"VII";NULL;NULL;NULL;"Yoga";"2000";"2023-06-30";NULL;NULL;NULL;NULL;NULL;NULL;NULL;NULL;NULL;NULL;"0";"0";"1";"0";"2";"1";"1";NULL;NULL;"2023-06-29 03:34:12";"2023-06-29 03:34:12"
"155";"2023-2024";"English";"New Student";"VII";NULL;NULL;NULL;NULL;NULL;NULL;"Unifrom";"2700";"2023-06-30";NULL;NULL;NULL;NULL;NULL;NULL;NULL;"0";"0";"0";"1";"2";"1";"1";NULL;NULL;"2023-06-29 03:34:16";"2023-06-29 03:34:16"
"156";"2023-2024";"English";"New Student";"VIII";"Tution Fee";"5350";"2023-06-30";NULL;NULL;NULL;NULL;NULL;NULL;NULL;NULL;NULL;NULL;NULL;NULL;NULL;"0";"1";"0";"0";"2";"1";"1";NULL;NULL;"2023-06-29 03:33:42";"2023-06-29 03:33:42"
"157";"2023-2024";"English";"New Student";"VIII";"Course fee";"5350";"2023-06-30";NULL;NULL;NULL;NULL;NULL;NULL;NULL;NULL;NULL;NULL;NULL;NULL;NULL;"0";"1";"0";"0";"2";"1";"1";NULL;NULL;"2023-06-29 03:33:46";"2023-06-29 03:33:46"
"158";"2023-2024";"English";"New Student";"VIII";NULL;NULL;NULL;"Swiming";"2000";"2023-06-30";NULL;NULL;NULL;NULL;NULL;NULL;NULL;NULL;NULL;NULL;"0";"0";"1";"0";"2";"1";"1";NULL;NULL;"2023-06-29 03:34:07";"2023-06-29 03:34:07"
"159";"2023-2024";"English";"New Student";"VIII";NULL;NULL;NULL;"Yoga";"2000";"2023-06-30";NULL;NULL;NULL;NULL;NULL;NULL;NULL;NULL;NULL;NULL;"0";"0";"1";"0";"2";"1";"1";NULL;NULL;"2023-06-29 03:34:12";"2023-06-29 03:34:12"
"160";"2023-2024";"English";"New Student";"VIII";NULL;NULL;NULL;NULL;NULL;NULL;"Unifrom";"2700";"2023-06-30";NULL;NULL;NULL;NULL;NULL;NULL;NULL;"0";"0";"0";"1";"2";"1";"1";NULL;NULL;"2023-06-29 03:34:16";"2023-06-29 03:34:16"
"161";"2023-2024";"English";"New Student";"IX";"Tution Fee";"5600";"2023-06-30";NULL;NULL;NULL;NULL;NULL;NULL;NULL;NULL;NULL;NULL;NULL;NULL;NULL;"0";"1";"0";"0";"2";"1";"1";NULL;NULL;"2023-06-29 03:33:42";"2023-06-29 03:33:42"
"162";"2023-2024";"English";"New Student";"IX";"Course fee";"5600";"2023-06-30";NULL;NULL;NULL;NULL;NULL;NULL;NULL;NULL;NULL;NULL;NULL;NULL;NULL;"0";"1";"0";"0";"2";"1";"1";NULL;NULL;"2023-06-29 03:33:46";"2023-06-29 03:33:46"
"163";"2023-2024";"English";"New Student";"IX";NULL;NULL;NULL;"Swiming";"2000";"2023-06-30";NULL;NULL;NULL;NULL;NULL;NULL;NULL;NULL;NULL;NULL;"0";"0";"1";"0";"2";"1";"1";NULL;NULL;"2023-06-29 03:34:07";"2023-06-29 03:34:07"
"164";"2023-2024";"English";"New Student";"IX";NULL;NULL;NULL;"Yoga";"2000";"2023-06-30";NULL;NULL;NULL;NULL;NULL;NULL;NULL;NULL;NULL;NULL;"0";"0";"1";"0";"2";"1";"1";NULL;NULL;"2023-06-29 03:34:12";"2023-06-29 03:34:12"
"165";"2023-2024";"English";"New Student";"IX";NULL;NULL;NULL;NULL;NULL;NULL;"Unifrom";"2700";"2023-06-30";NULL;NULL;NULL;NULL;NULL;NULL;NULL;"0";"0";"0";"1";"2";"1";"1";NULL;NULL;"2023-06-29 03:34:16";"2023-06-29 03:34:16"
"166";"2023-2024";"English";"New Student";"X";"Tution Fee";"5850";"2023-06-30";NULL;NULL;NULL;NULL;NULL;NULL;NULL;NULL;NULL;NULL;NULL;NULL;NULL;"0";"1";"0";"0";"2";"1";"1";NULL;NULL;"2023-06-29 03:33:42";"2023-06-29 03:33:42"
"167";"2023-2024";"English";"New Student";"X";"Course fee";"5850";"2023-06-30";NULL;NULL;NULL;NULL;NULL;NULL;NULL;NULL;NULL;NULL;NULL;NULL;NULL;"0";"1";"0";"0";"2";"1";"1";NULL;NULL;"2023-06-29 03:33:46";"2023-06-29 03:33:46"
"168";"2023-2024";"English";"New Student";"X";NULL;NULL;NULL;"Swiming";"2000";"2023-06-30";NULL;NULL;NULL;NULL;NULL;NULL;NULL;NULL;NULL;NULL;"0";"0";"1";"0";"2";"1";"1";NULL;NULL;"2023-06-29 03:34:07";"2023-06-29 03:34:07"
"169";"2023-2024";"English";"New Student";"X";NULL;NULL;NULL;"Yoga";"2000";"2023-06-30";NULL;NULL;NULL;NULL;NULL;NULL;NULL;NULL;NULL;NULL;"0";"0";"1";"0";"2";"1";"1";NULL;NULL;"2023-06-29 03:34:12";"2023-06-29 03:34:12"
"170";"2023-2024";"English";"New Student";"X";NULL;NULL;NULL;NULL;NULL;NULL;"Unifrom";"2700";"2023-06-30";NULL;NULL;NULL;NULL;NULL;NULL;NULL;"0";"0";"0";"1";"2";"1";"1";NULL;NULL;"2023-06-29 03:34:16";"2023-06-29 03:34:16"
"171";"2023-2024";"English";"New Student";"XI_All";"Tution Fee";"6100";"2023-06-30";NULL;NULL;NULL;NULL;NULL;NULL;NULL;NULL;NULL;NULL;NULL;NULL;NULL;"0";"1";"0";"0";"2";"1";"1";NULL;NULL;"2023-06-29 03:33:42";"2023-06-29 03:33:42"
"172";"2023-2024";"English";"New Student";"XI_All";"Course fee";"6100";"2023-06-30";NULL;NULL;NULL;NULL;NULL;NULL;NULL;NULL;NULL;NULL;NULL;NULL;NULL;"0";"1";"0";"0";"2";"1";"1";NULL;NULL;"2023-06-29 03:33:46";"2023-06-29 03:33:46"
"173";"2023-2024";"English";"New Student";"XI_All";NULL;NULL;NULL;"Swiming";"2000";"2023-06-30";NULL;NULL;NULL;NULL;NULL;NULL;NULL;NULL;NULL;NULL;"0";"0";"1";"0";"2";"1";"1";NULL;NULL;"2023-06-29 03:34:07";"2023-06-29 03:34:07"
"174";"2023-2024";"English";"New Student";"XI_All";NULL;NULL;NULL;"Yoga";"2000";"2023-06-30";NULL;NULL;NULL;NULL;NULL;NULL;NULL;NULL;NULL;NULL;"0";"0";"1";"0";"2";"1";"1";NULL;NULL;"2023-06-29 03:34:12";"2023-06-29 03:34:12"
"175";"2023-2024";"English";"New Student";"XI_All";NULL;NULL;NULL;NULL;NULL;NULL;"Unifrom";"2700";"2023-06-30";NULL;NULL;NULL;NULL;NULL;NULL;NULL;"0";"0";"0";"1";"2";"1";"1";NULL;NULL;"2023-06-29 03:34:16";"2023-06-29 03:34:16"
"176";"2023-2024";"English";"New Student";"XI_Maths_Biology";"Tution Fee";"6350";"2023-06-30";NULL;NULL;NULL;NULL;NULL;NULL;NULL;NULL;NULL;NULL;NULL;NULL;NULL;"0";"1";"0";"0";"2";"1";"1";NULL;NULL;"2023-06-29 03:33:42";"2023-06-29 03:33:42"
"177";"2023-2024";"English";"New Student";"XI_Maths_Biology";"Course fee";"6350";"2023-06-30";NULL;NULL;NULL;NULL;NULL;NULL;NULL;NULL;NULL;NULL;NULL;NULL;NULL;"0";"1";"0";"0";"2";"1";"1";NULL;NULL;"2023-06-29 03:33:46";"2023-06-29 03:33:46"
"178";"2023-2024";"English";"New Student";"XI_Maths_Biology";NULL;NULL;NULL;"Swiming";"2000";"2023-06-30";NULL;NULL;NULL;NULL;NULL;NULL;NULL;NULL;NULL;NULL;"0";"0";"1";"0";"2";"1";"1";NULL;NULL;"2023-06-29 03:34:07";"2023-06-29 03:34:07"
"179";"2023-2024";"English";"New Student";"XI_Maths_Biology";NULL;NULL;NULL;"Yoga";"2000";"2023-06-30";NULL;NULL;NULL;NULL;NULL;NULL;NULL;NULL;NULL;NULL;"0";"0";"1";"0";"2";"1";"1";NULL;NULL;"2023-06-29 03:34:12";"2023-06-29 03:34:12"
"180";"2023-2024";"English";"New Student";"XI_Maths_Biology";NULL;NULL;NULL;NULL;NULL;NULL;"Unifrom";"2700";"2023-06-30";NULL;NULL;NULL;NULL;NULL;NULL;NULL;"0";"0";"0";"1";"2";"1";"1";NULL;NULL;"2023-06-29 03:34:16";"2023-06-29 03:34:16"
"181";"2023-2024";"English";"New Student";"XI_Maths_ComputerScience";"Tution Fee";"6600";"2023-06-30";NULL;NULL;NULL;NULL;NULL;NULL;NULL;NULL;NULL;NULL;NULL;NULL;NULL;"0";"1";"0";"0";"2";"1";"1";NULL;NULL;"2023-06-29 03:33:42";"2023-06-29 03:33:42"
"182";"2023-2024";"English";"New Student";"XI_Maths_ComputerScience";"Course fee";"6600";"2023-06-30";NULL;NULL;NULL;NULL;NULL;NULL;NULL;NULL;NULL;NULL;NULL;NULL;NULL;"0";"1";"0";"0";"2";"1";"1";NULL;NULL;"2023-06-29 03:33:46";"2023-06-29 03:33:46"
"183";"2023-2024";"English";"New Student";"XI_Maths_ComputerScience";NULL;NULL;NULL;"Swiming";"2000";"2023-06-30";NULL;NULL;NULL;NULL;NULL;NULL;NULL;NULL;NULL;NULL;"0";"0";"1";"0";"2";"1";"1";NULL;NULL;"2023-06-29 03:34:07";"2023-06-29 03:34:07"
"184";"2023-2024";"English";"New Student";"XI_Maths_ComputerScience";NULL;NULL;NULL;"Yoga";"2000";"2023-06-30";NULL;NULL;NULL;NULL;NULL;NULL;NULL;NULL;NULL;NULL;"0";"0";"1";"0";"2";"1";"1";NULL;NULL;"2023-06-29 03:34:12";"2023-06-29 03:34:12"
"185";"2023-2024";"English";"New Student";"XI_Maths_ComputerScience";NULL;NULL;NULL;NULL;NULL;NULL;"Unifrom";"2700";"2023-06-30";NULL;NULL;NULL;NULL;NULL;NULL;NULL;"0";"0";"0";"1";"2";"1";"1";NULL;NULL;"2023-06-29 03:34:16";"2023-06-29 03:34:16"
"186";"2023-2024";"English";"New Student";"XI_Biology_ComputerScience";"Tution Fee";"6850";"2023-06-30";NULL;NULL;NULL;NULL;NULL;NULL;NULL;NULL;NULL;NULL;NULL;NULL;NULL;"0";"1";"0";"0";"2";"1";"1";NULL;NULL;"2023-06-29 03:33:42";"2023-06-29 03:33:42"
"187";"2023-2024";"English";"New Student";"XI_Biology_ComputerScience";"Course fee";"6850";"2023-06-30";NULL;NULL;NULL;NULL;NULL;NULL;NULL;NULL;NULL;NULL;NULL;NULL;NULL;"0";"1";"0";"0";"2";"1";"1";NULL;NULL;"2023-06-29 03:33:46";"2023-06-29 03:33:46"
"188";"2023-2024";"English";"New Student";"XI_Biology_ComputerScience";NULL;NULL;NULL;"Swiming";"2000";"2023-06-30";NULL;NULL;NULL;NULL;NULL;NULL;NULL;NULL;NULL;NULL;"0";"0";"1";"0";"2";"1";"1";NULL;NULL;"2023-06-29 03:34:07";"2023-06-29 03:34:07"
"189";"2023-2024";"English";"New Student";"XI_Biology_ComputerScience";NULL;NULL;NULL;"Yoga";"2000";"2023-06-30";NULL;NULL;NULL;NULL;NULL;NULL;NULL;NULL;NULL;NULL;"0";"0";"1";"0";"2";"1";"1";NULL;NULL;"2023-06-29 03:34:12";"2023-06-29 03:34:12"
"190";"2023-2024";"English";"New Student";"XI_Biology_ComputerScience";NULL;NULL;NULL;NULL;NULL;NULL;"Unifrom";"2700";"2023-06-30";NULL;NULL;NULL;NULL;NULL;NULL;NULL;"0";"0";"0";"1";"2";"1";"1";NULL;NULL;"2023-06-29 03:34:16";"2023-06-29 03:34:16"
"191";"2023-2024";"English";"New Student";"XII_All";"Tution Fee";"7100";"2023-06-30";NULL;NULL;NULL;NULL;NULL;NULL;NULL;NULL;NULL;NULL;NULL;NULL;NULL;"0";"1";"0";"0";"2";"1";"1";NULL;NULL;"2023-06-29 03:33:42";"2023-06-29 03:33:42"
"192";"2023-2024";"English";"New Student";"XII_All";"Course fee";"7100";"2023-06-30";NULL;NULL;NULL;NULL;NULL;NULL;NULL;NULL;NULL;NULL;NULL;NULL;NULL;"0";"1";"0";"0";"2";"1";"1";NULL;NULL;"2023-06-29 03:33:46";"2023-06-29 03:33:46"
"193";"2023-2024";"English";"New Student";"XII_All";NULL;NULL;NULL;"Swiming";"2000";"2023-06-30";NULL;NULL;NULL;NULL;NULL;NULL;NULL;NULL;NULL;NULL;"0";"0";"1";"0";"2";"1";"1";NULL;NULL;"2023-06-29 03:34:07";"2023-06-29 03:34:07"
"194";"2023-2024";"English";"New Student";"XII_All";NULL;NULL;NULL;"Yoga";"2000";"2023-06-30";NULL;NULL;NULL;NULL;NULL;NULL;NULL;NULL;NULL;NULL;"0";"0";"1";"0";"2";"1";"1";NULL;NULL;"2023-06-29 03:34:12";"2023-06-29 03:34:12"
"195";"2023-2024";"English";"New Student";"XII_All";NULL;NULL;NULL;NULL;NULL;NULL;"Unifrom";"2700";"2023-06-30";NULL;NULL;NULL;NULL;NULL;NULL;NULL;"0";"0";"0";"1";"2";"1";"1";NULL;NULL;"2023-06-29 03:34:16";"2023-06-29 03:34:16"
"196";"2023-2024";"English";"New Student";"XII_Maths_Biology";"Tution Fee";"7350";"2023-06-30";NULL;NULL;NULL;NULL;NULL;NULL;NULL;NULL;NULL;NULL;NULL;NULL;NULL;"0";"1";"0";"0";"2";"1";"1";NULL;NULL;"2023-06-29 03:33:42";"2023-06-29 03:33:42"
"197";"2023-2024";"English";"New Student";"XII_Maths_Biology";"Course fee";"7350";"2023-06-30";NULL;NULL;NULL;NULL;NULL;NULL;NULL;NULL;NULL;NULL;NULL;NULL;NULL;"0";"1";"0";"0";"2";"1";"1";NULL;NULL;"2023-06-29 03:33:46";"2023-06-29 03:33:46"
"198";"2023-2024";"English";"New Student";"XII_Maths_Biology";NULL;NULL;NULL;"Swiming";"2000";"2023-06-30";NULL;NULL;NULL;NULL;NULL;NULL;NULL;NULL;NULL;NULL;"0";"0";"1";"0";"2";"1";"1";NULL;NULL;"2023-06-29 03:34:07";"2023-06-29 03:34:07"
"199";"2023-2024";"English";"New Student";"XII_Maths_Biology";NULL;NULL;NULL;"Yoga";"2000";"2023-06-30";NULL;NULL;NULL;NULL;NULL;NULL;NULL;NULL;NULL;NULL;"0";"0";"1";"0";"2";"1";"1";NULL;NULL;"2023-06-29 03:34:12";"2023-06-29 03:34:12"
"200";"2023-2024";"English";"New Student";"XII_Maths_Biology";NULL;NULL;NULL;NULL;NULL;NULL;"Unifrom";"2700";"2023-06-30";NULL;NULL;NULL;NULL;NULL;NULL;NULL;"0";"0";"0";"1";"2";"1";"1";NULL;NULL;"2023-06-29 03:34:16";"2023-06-29 03:34:16"
"201";"2023-2024";"English";"New Student";"XII_Maths_ComputerScience";"Tution Fee";"7600";"2023-06-30";NULL;NULL;NULL;NULL;NULL;NULL;NULL;NULL;NULL;NULL;NULL;NULL;NULL;"0";"1";"0";"0";"2";"1";"1";NULL;NULL;"2023-06-29 03:33:42";"2023-06-29 03:33:42"
"202";"2023-2024";"English";"New Student";"XII_Maths_ComputerScience";"Course fee";"7600";"2023-06-30";NULL;NULL;NULL;NULL;NULL;NULL;NULL;NULL;NULL;NULL;NULL;NULL;NULL;"0";"1";"0";"0";"2";"1";"1";NULL;NULL;"2023-06-29 03:33:46";"2023-06-29 03:33:46"
"203";"2023-2024";"English";"New Student";"XII_Maths_ComputerScience";NULL;NULL;NULL;"Swiming";"2000";"2023-06-30";NULL;NULL;NULL;NULL;NULL;NULL;NULL;NULL;NULL;NULL;"0";"0";"1";"0";"2";"1";"1";NULL;NULL;"2023-06-29 03:34:07";"2023-06-29 03:34:07"
"204";"2023-2024";"English";"New Student";"XII_Maths_ComputerScience";NULL;NULL;NULL;"Yoga";"2000";"2023-06-30";NULL;NULL;NULL;NULL;NULL;NULL;NULL;NULL;NULL;NULL;"0";"0";"1";"0";"2";"1";"1";NULL;NULL;"2023-06-29 03:34:12";"2023-06-29 03:34:12"
"205";"2023-2024";"English";"New Student";"XII_Maths_ComputerScience";NULL;NULL;NULL;NULL;NULL;NULL;"Unifrom";"2700";"2023-06-30";NULL;NULL;NULL;NULL;NULL;NULL;NULL;"0";"0";"0";"1";"2";"1";"1";NULL;NULL;"2023-06-29 03:34:16";"2023-06-29 03:34:16"
"206";"2023-2024";"English";"New Student";"XII_Biology_ComputerScience";"Tution Fee";"8100";"2023-06-30";NULL;NULL;NULL;NULL;NULL;NULL;NULL;NULL;NULL;NULL;NULL;NULL;NULL;"0";"1";"0";"0";"2";"1";"1";NULL;NULL;"2023-06-29 03:33:42";"2023-06-29 03:33:42"
"207";"2023-2024";"English";"New Student";"XII_Biology_ComputerScience";"Course fee";"8100";"2023-06-30";NULL;NULL;NULL;NULL;NULL;NULL;NULL;NULL;NULL;NULL;NULL;NULL;NULL;"0";"1";"0";"0";"2";"1";"1";NULL;NULL;"2023-06-29 03:33:46";"2023-06-29 03:33:46"
"208";"2023-2024";"English";"New Student";"XII_Biology_ComputerScience";NULL;NULL;NULL;"Swiming";"2000";"2023-06-30";NULL;NULL;NULL;NULL;NULL;NULL;NULL;NULL;NULL;NULL;"0";"0";"1";"0";"2";"1";"1";NULL;NULL;"2023-06-29 03:34:07";"2023-06-29 03:34:07"
"209";"2023-2024";"English";"New Student";"XII_Biology_ComputerScience";NULL;NULL;NULL;"Yoga";"2000";"2023-06-30";NULL;NULL;NULL;NULL;NULL;NULL;NULL;NULL;NULL;NULL;"0";"0";"1";"0";"2";"1";"1";NULL;NULL;"2023-06-29 03:34:12";"2023-06-29 03:34:12"
"210";"2023-2024";"English";"New Student";"XII_Biology_ComputerScience";NULL;NULL;NULL;NULL;NULL;NULL;"Unifrom";"2700";"2023-06-30";NULL;NULL;NULL;NULL;NULL;NULL;NULL;"0";"0";"0";"1";"2";"1";"1";NULL;NULL;"2023-06-29 03:34:16";"2023-06-29 03:34:16"
"211";"2023-2024";"English";"Old Student";"PRE.K.G";"Tution Fee";"1090";"2023-06-30";NULL;NULL;NULL;NULL;NULL;NULL;NULL;NULL;NULL;NULL;NULL;NULL;NULL;"0";"1";"0";"0";"2";"1";"1";NULL;NULL;"2023-06-29 02:06:29";"2023-06-29 02:06:29"
"212";"2023-2024";"English";"Old Student";"PRE.K.G";" Course Fee";"1090";"2023-06-30";NULL;NULL;NULL;NULL;NULL;NULL;NULL;NULL;NULL;NULL;NULL;NULL;NULL;"0";"1";"0";"0";"2";"1";"1";NULL;NULL;"2023-06-29 02:07:01";"2023-06-29 02:07:01"
"213";"2023-2024";"English";"Old Student";"PRE.K.G";NULL;NULL;NULL;"Swiming";"500";"2023-06-30";NULL;NULL;NULL;NULL;NULL;NULL;NULL;NULL;NULL;NULL;"0";"0";"1";"0";"2";"1";"1";NULL;NULL;"2023-06-29 02:07:30";"2023-06-29 02:07:30"
"214";"2023-2024";"English";"Old Student";"PRE.K.G";NULL;NULL;NULL;"Yoga";"500";"2023-06-30";NULL;NULL;NULL;NULL;NULL;NULL;NULL;NULL;NULL;NULL;"0";"0";"1";"0";"2";"1";"1";NULL;NULL;"2023-06-29 02:07:40";"2023-06-29 02:07:40"
"215";"2023-2024";"English";"Old Student";"PRE.K.G";NULL;NULL;NULL;NULL;NULL;NULL;"Unifrom";"800";"2023-06-30";NULL;NULL;NULL;NULL;NULL;NULL;NULL;"0";"0";"0";"1";"2";"1";"1";NULL;NULL;"2023-06-29 02:08:09";"2023-06-29 02:08:09"
"216";"2023-2024";"English";"Old Student";"L.K.G";"Tution Fee";"1595";"2023-06-30";NULL;NULL;NULL;NULL;NULL;NULL;NULL;NULL;NULL;NULL;NULL;NULL;NULL;"0";"1";"0";"0";"2";"1";"1";NULL;NULL;"2023-06-29 02:21:11";"2023-06-29 02:21:11"
"217";"2023-2024";"English";"Old Student";"L.K.G";"Course Fee";"1595";"2023-06-30";NULL;NULL;NULL;NULL;NULL;NULL;NULL;NULL;NULL;NULL;NULL;NULL;NULL;"0";"1";"0";"0";"2";"1";"1";NULL;NULL;"2023-06-29 02:21:33";"2023-06-29 02:21:33"
"218";"2023-2024";"English";"Old Student";"L.K.G";NULL;NULL;NULL;"Swiming";"1000";"2023-06-30";NULL;NULL;NULL;NULL;NULL;NULL;NULL;NULL;NULL;NULL;"0";"0";"1";"0";"2";"1";"1";NULL;NULL;"2023-06-29 03:16:26";"2023-06-29 03:16:26"
"219";"2023-2024";"English";"Old Student";"L.K.G";NULL;NULL;NULL;"Yoga";"1000";"2023-06-30";NULL;NULL;NULL;NULL;NULL;NULL;NULL;NULL;NULL;NULL;"0";"0";"1";"0";"2";"1";"1";NULL;NULL;"2023-06-29 03:16:35";"2023-06-29 03:16:35"
"220";"2023-2024";"English";"Old Student";"L.K.G";NULL;NULL;NULL;NULL;NULL;NULL;"Unifrom";"1900";"2023-06-30";NULL;NULL;NULL;NULL;NULL;NULL;NULL;"0";"0";"0";"1";"2";"1";"1";NULL;NULL;"2023-06-29 03:17:08";"2023-06-29 03:17:08"
"221";"2023-2024";"English";"Old Student";"U.K.G";"Tution Fee";"2095";"2023-06-30";NULL;NULL;NULL;NULL;NULL;NULL;NULL;NULL;NULL;NULL;NULL;NULL;NULL;"0";"1";"0";"0";"2";"1";"1";NULL;NULL;"2023-06-29 03:18:54";"2023-06-29 03:18:54"
"222";"2023-2024";"English";"Old Student";"U.K.G";"Course Fee";"2095";"2023-06-30";NULL;NULL;NULL;NULL;NULL;NULL;NULL;NULL;NULL;NULL;NULL;NULL;NULL;"0";"1";"0";"0";"2";"1";"1";NULL;NULL;"2023-06-29 03:19:07";"2023-06-29 03:19:07"
"223";"2023-2024";"English";"Old Student";"U.K.G";NULL;NULL;NULL;"Swimimg";"1500";"2023-06-30";NULL;NULL;NULL;NULL;NULL;NULL;NULL;NULL;NULL;NULL;"0";"0";"1";"0";"2";"1";"1";NULL;NULL;"2023-06-29 03:19:24";"2023-06-29 03:19:24"
"224";"2023-2024";"English";"Old Student";"U.K.G";NULL;NULL;NULL;"Yoga";"1500";"2023-06-30";NULL;NULL;NULL;NULL;NULL;NULL;NULL;NULL;NULL;NULL;"0";"0";"1";"0";"2";"1";"1";NULL;NULL;"2023-06-29 03:19:29";"2023-06-29 03:19:29"
"225";"2023-2024";"English";"Old Student";"U.K.G";NULL;NULL;NULL;NULL;NULL;NULL;"Unifrom";"2700";"2023-06-30";NULL;NULL;NULL;NULL;NULL;NULL;NULL;"0";"0";"0";"1";"2";"1";"1";NULL;NULL;"2023-06-29 03:19:57";"2023-06-29 03:19:57"
"226";"2023-2024";"English";"Old Student";"I";"Tution Fee";"2595";"2023-06-30";NULL;NULL;NULL;NULL;NULL;NULL;NULL;NULL;NULL;NULL;NULL;NULL;NULL;"0";"1";"0";"0";"2";"1";"1";NULL;NULL;"2023-06-29 03:21:53";"2023-06-29 03:21:53"
"227";"2023-2024";"English";"Old Student";"I";"Course Fee";"2595";"2023-06-30";NULL;NULL;NULL;NULL;NULL;NULL;NULL;NULL;NULL;NULL;NULL;NULL;NULL;"0";"1";"0";"0";"2";"1";"1";NULL;NULL;"2023-06-29 03:22:05";"2023-06-29 03:22:05"
"228";"2023-2024";"English";"Old Student";"I";NULL;NULL;NULL;"Swiming";"2000";"2023-06-30";NULL;NULL;NULL;NULL;NULL;NULL;NULL;NULL;NULL;NULL;"0";"0";"1";"0";"2";"1";"1";NULL;NULL;"2023-06-29 03:22:32";"2023-06-29 03:22:32"
"229";"2023-2024";"English";"Old Student";"I";NULL;NULL;NULL;"Yoga";"2000";"2023-06-30";NULL;NULL;NULL;NULL;NULL;NULL;NULL;NULL;NULL;NULL;"0";"0";"1";"0";"2";"1";"1";NULL;NULL;"2023-06-29 03:22:39";"2023-06-29 03:22:39"
"230";"2023-2024";"English";"Old Student";"I";NULL;NULL;NULL;NULL;NULL;NULL;"Uniform";"2700";"2023-06-30";NULL;NULL;NULL;NULL;NULL;NULL;NULL;"0";"0";"0";"1";"2";"1";"1";NULL;NULL;"2023-06-29 03:23:21";"2023-06-29 03:23:21"
"231";"2023-2024";"English";"Old Student";"II";"Tution Fee";"3095";"2023-06-30";NULL;NULL;NULL;NULL;NULL;NULL;NULL;NULL;NULL;NULL;NULL;NULL;NULL;"0";"1";"0";"0";"2";"1";"1";NULL;NULL;"2023-06-29 03:24:14";"2023-06-29 03:24:14"
"232";"2023-2024";"English";"Old Student";"II";"Course Fee";"3095";"2023-06-30";NULL;NULL;NULL;NULL;NULL;NULL;NULL;NULL;NULL;NULL;NULL;NULL;NULL;"0";"1";"0";"0";"2";"1";"1";NULL;NULL;"2023-06-29 03:24:19";"2023-06-29 03:24:19"
"233";"2023-2024";"English";"Old Student";"II";NULL;NULL;NULL;"Swiming";"2000";"2023-06-30";NULL;NULL;NULL;NULL;NULL;NULL;NULL;NULL;NULL;NULL;"0";"0";"1";"0";"2";"1";"1";NULL;NULL;"2023-06-29 03:24:32";"2023-06-29 03:24:32"
"234";"2023-2024";"English";"Old Student";"II";NULL;NULL;NULL;"Yoga";"2000";"2023-06-30";NULL;NULL;NULL;NULL;NULL;NULL;NULL;NULL;NULL;NULL;"0";"0";"1";"0";"2";"1";"1";NULL;NULL;"2023-06-29 03:24:38";"2023-06-29 03:24:38"
"235";"2023-2024";"English";"Old Student";"II";NULL;NULL;NULL;NULL;NULL;NULL;"Uniform";"2700";"2023-06-30";NULL;NULL;NULL;NULL;NULL;NULL;NULL;"0";"0";"0";"1";"2";"1";"1";NULL;NULL;"2023-06-29 03:24:49";"2023-06-29 03:24:49"
"236";"2023-2024";"English";"Old Student";"III";"Course Fee";"3595";"2023-06-30";NULL;NULL;NULL;NULL;NULL;NULL;NULL;NULL;NULL;NULL;NULL;NULL;NULL;"0";"1";"0";"0";"2";"1";"1";NULL;NULL;"2023-06-29 03:25:37";"2023-06-29 03:25:37"
"237";"2023-2024";"English";"Old Student";"III";"Tution Fee";"3595";"2023-06-30";NULL;NULL;NULL;NULL;NULL;NULL;NULL;NULL;NULL;NULL;NULL;NULL;NULL;"0";"1";"0";"0";"2";"1";"1";NULL;NULL;"2023-06-29 03:25:41";"2023-06-29 03:25:41"
"238";"2023-2024";"English";"Old Student";"III";NULL;NULL;NULL;"Swiming";"2000";"2023-06-30";NULL;NULL;NULL;NULL;NULL;NULL;NULL;NULL;NULL;NULL;"0";"0";"1";"0";"2";"1";"1";NULL;NULL;"2023-06-29 03:25:51";"2023-06-29 03:25:51"
"239";"2023-2024";"English";"Old Student";"III";NULL;NULL;NULL;"Yoga";"2000";"2023-06-30";NULL;NULL;NULL;NULL;NULL;NULL;NULL;NULL;NULL;NULL;"0";"0";"1";"0";"2";"1";"1";NULL;NULL;"2023-06-29 03:25:57";"2023-06-29 03:25:57"
"240";"2023-2024";"English";"Old Student";"III";NULL;NULL;NULL;NULL;NULL;NULL;"Uniform";"2700";"2023-06-30";NULL;NULL;NULL;NULL;NULL;NULL;NULL;"0";"0";"0";"1";"2";"1";"1";NULL;NULL;"2023-06-29 03:26:04";"2023-06-29 03:26:04"
"241";"2023-2024";"English";"Old Student";"IV";NULL;NULL;NULL;"Swiming";"2000";"2023-06-30";NULL;NULL;NULL;NULL;NULL;NULL;NULL;NULL;NULL;NULL;"0";"0";"1";"0";"2";"1";"1";NULL;NULL;"2023-06-29 03:29:45";"2023-06-29 03:29:45"
"242";"2023-2024";"English";"Old Student";"IV";NULL;NULL;NULL;"Yoga";"2000";"2023-06-30";NULL;NULL;NULL;NULL;NULL;NULL;NULL;NULL;NULL;NULL;"0";"0";"1";"0";"2";"1";"1";NULL;NULL;"2023-06-29 03:29:56";"2023-06-29 03:29:56"
"243";"2023-2024";"English";"Old Student";"IV";NULL;NULL;NULL;NULL;NULL;NULL;"Unifrom";"2700";"2023-06-30";NULL;NULL;NULL;NULL;NULL;NULL;NULL;"0";"0";"0";"1";"2";"1";"1";NULL;NULL;"2023-06-29 03:30:18";"2023-06-29 03:30:18"
"244";"2023-2024";"English";"Old Student";"IV";"Tution Fee";"4095";"2023-06-30";NULL;NULL;NULL;NULL;NULL;NULL;NULL;NULL;NULL;NULL;NULL;NULL;NULL;"0";"1";"0";"0";"2";"1";"1";NULL;NULL;"2023-06-29 03:31:58";"2023-06-29 03:31:58"
"245";"2023-2024";"English";"Old Student";"IV";"Course";"4095";"2023-06-30";NULL;NULL;NULL;NULL;NULL;NULL;NULL;NULL;NULL;NULL;NULL;NULL;NULL;"0";"1";"0";"0";"2";"1";"1";NULL;NULL;"2023-06-29 03:32:09";"2023-06-29 03:32:09"
"246";"2023-2024";"English";"Old Student";"V";NULL;NULL;NULL;"Swiming";"2000";"2023-06-30";NULL;NULL;NULL;NULL;NULL;NULL;NULL;NULL;NULL;NULL;"0";"0";"1";"0";"2";"1";"1";NULL;NULL;"2023-06-29 03:32:18";"2023-06-29 03:32:18"
"247";"2023-2024";"English";"Old Student";"V";NULL;NULL;NULL;"Yoga";"2000";"2023-06-30";NULL;NULL;NULL;NULL;NULL;NULL;NULL;NULL;NULL;NULL;"0";"0";"1";"0";"2";"1";"1";NULL;NULL;"2023-06-29 03:32:23";"2023-06-29 03:32:23"
"248";"2023-2024";"English";"Old Student";"V";NULL;NULL;NULL;NULL;NULL;NULL;"Unifrom";"2700";"2023-06-30";NULL;NULL;NULL;NULL;NULL;NULL;NULL;"0";"0";"0";"1";"2";"1";"1";NULL;NULL;"2023-06-29 03:32:31";"2023-06-29 03:32:31"
"249";"2023-2024";"English";"Old Student";"V";"Tution Fee";"4595";"2023-06-30";NULL;NULL;NULL;NULL;NULL;NULL;NULL;NULL;NULL;NULL;NULL;NULL;NULL;"0";"1";"0";"0";"2";"1";"1";NULL;NULL;"2023-06-29 03:33:42";"2023-06-29 03:33:42"
"250";"2023-2024";"English";"Old Student";"V";"Course fee";"4595";"2023-06-30";NULL;NULL;NULL;NULL;NULL;NULL;NULL;NULL;NULL;NULL;NULL;NULL;NULL;"0";"1";"0";"0";"2";"1";"1";NULL;NULL;"2023-06-29 03:33:46";"2023-06-29 03:33:46"
"251";"2023-2024";"English";"Old Student";"VI";"Tution Fee";"4900";"2023-06-30";NULL;NULL;NULL;NULL;NULL;NULL;NULL;NULL;NULL;NULL;NULL;NULL;NULL;"0";"1";"0";"0";"2";"1";"1";NULL;NULL;"2023-06-29 03:33:42";"2023-06-29 03:33:42"
"252";"2023-2024";"English";"Old Student";"VI";"Course fee";"4900";"2023-06-30";NULL;NULL;NULL;NULL;NULL;NULL;NULL;NULL;NULL;NULL;NULL;NULL;NULL;"0";"1";"0";"0";"2";"1";"1";NULL;NULL;"2023-06-29 03:33:46";"2023-06-29 03:33:46"
"253";"2023-2024";"English";"Old Student";"VI";NULL;NULL;NULL;"Swiming";"2000";"2023-06-30";NULL;NULL;NULL;NULL;NULL;NULL;NULL;NULL;NULL;NULL;"0";"0";"1";"0";"2";"1";"1";NULL;NULL;"2023-06-29 03:34:07";"2023-06-29 03:34:07"
"254";"2023-2024";"English";"Old Student";"VI";NULL;NULL;NULL;"Yoga";"2000";"2023-06-30";NULL;NULL;NULL;NULL;NULL;NULL;NULL;NULL;NULL;NULL;"0";"0";"1";"0";"2";"1";"1";NULL;NULL;"2023-06-29 03:34:12";"2023-06-29 03:34:12"
"255";"2023-2024";"English";"Old Student";"VI";NULL;NULL;NULL;NULL;NULL;NULL;"Unifrom";"2700";"2023-06-30";NULL;NULL;NULL;NULL;NULL;NULL;NULL;"0";"0";"0";"1";"2";"1";"1";NULL;NULL;"2023-06-29 03:34:16";"2023-06-29 03:34:16"
"256";"2023-2024";"English";"Old Student";"VII";"Tution Fee";"5095";"2023-06-30";NULL;NULL;NULL;NULL;NULL;NULL;NULL;NULL;NULL;NULL;NULL;NULL;NULL;"0";"1";"0";"0";"2";"1";"1";NULL;NULL;"2023-06-29 03:33:42";"2023-06-29 03:33:42"
"257";"2023-2024";"English";"Old Student";"VII";"Course fee";"5095";"2023-06-30";NULL;NULL;NULL;NULL;NULL;NULL;NULL;NULL;NULL;NULL;NULL;NULL;NULL;"0";"1";"0";"0";"2";"1";"1";NULL;NULL;"2023-06-29 03:33:46";"2023-06-29 03:33:46"
"258";"2023-2024";"English";"Old Student";"VII";NULL;NULL;NULL;"Swiming";"2000";"2023-06-30";NULL;NULL;NULL;NULL;NULL;NULL;NULL;NULL;NULL;NULL;"0";"0";"1";"0";"2";"1";"1";NULL;NULL;"2023-06-29 03:34:07";"2023-06-29 03:34:07"
"259";"2023-2024";"English";"Old Student";"VII";NULL;NULL;NULL;"Yoga";"2000";"2023-06-30";NULL;NULL;NULL;NULL;NULL;NULL;NULL;NULL;NULL;NULL;"0";"0";"1";"0";"2";"1";"1";NULL;NULL;"2023-06-29 03:34:12";"2023-06-29 03:34:12"
"260";"2023-2024";"English";"Old Student";"VII";NULL;NULL;NULL;NULL;NULL;NULL;"Unifrom";"2700";"2023-06-30";NULL;NULL;NULL;NULL;NULL;NULL;NULL;"0";"0";"0";"1";"2";"1";"1";NULL;NULL;"2023-06-29 03:34:16";"2023-06-29 03:34:16"
"261";"2023-2024";"English";"Old Student";"VIII";"Tution Fee";"5375";"2023-06-30";NULL;NULL;NULL;NULL;NULL;NULL;NULL;NULL;NULL;NULL;NULL;NULL;NULL;"0";"1";"0";"0";"2";"1";"1";NULL;NULL;"2023-06-29 03:33:42";"2023-06-29 03:33:42"
"262";"2023-2024";"English";"Old Student";"VIII";"Course fee";"5375";"2023-06-30";NULL;NULL;NULL;NULL;NULL;NULL;NULL;NULL;NULL;NULL;NULL;NULL;NULL;"0";"1";"0";"0";"2";"1";"1";NULL;NULL;"2023-06-29 03:33:46";"2023-06-29 03:33:46"
"263";"2023-2024";"English";"Old Student";"VIII";NULL;NULL;NULL;"Swiming";"2000";"2023-06-30";NULL;NULL;NULL;NULL;NULL;NULL;NULL;NULL;NULL;NULL;"0";"0";"1";"0";"2";"1";"1";NULL;NULL;"2023-06-29 03:34:07";"2023-06-29 03:34:07"
"264";"2023-2024";"English";"Old Student";"VIII";NULL;NULL;NULL;"Yoga";"2000";"2023-06-30";NULL;NULL;NULL;NULL;NULL;NULL;NULL;NULL;NULL;NULL;"0";"0";"1";"0";"2";"1";"1";NULL;NULL;"2023-06-29 03:34:12";"2023-06-29 03:34:12"
"265";"2023-2024";"English";"Old Student";"VIII";NULL;NULL;NULL;NULL;NULL;NULL;"Unifrom";"2700";"2023-06-30";NULL;NULL;NULL;NULL;NULL;NULL;NULL;"0";"0";"0";"1";"2";"1";"1";NULL;NULL;"2023-06-29 03:34:16";"2023-06-29 03:34:16"
"266";"2023-2024";"English";"Old Student";"IX";"Tution Fee";"5595";"2023-06-30";NULL;NULL;NULL;NULL;NULL;NULL;NULL;NULL;NULL;NULL;NULL;NULL;NULL;"0";"1";"0";"0";"2";"1";"1";NULL;NULL;"2023-06-29 03:33:42";"2023-06-29 03:33:42"
"267";"2023-2024";"English";"Old Student";"IX";"Course fee";"5595";"2023-06-30";NULL;NULL;NULL;NULL;NULL;NULL;NULL;NULL;NULL;NULL;NULL;NULL;NULL;"0";"1";"0";"0";"2";"1";"1";NULL;NULL;"2023-06-29 03:33:46";"2023-06-29 03:33:46"
"268";"2023-2024";"English";"Old Student";"IX";NULL;NULL;NULL;"Swiming";"2000";"2023-06-30";NULL;NULL;NULL;NULL;NULL;NULL;NULL;NULL;NULL;NULL;"0";"0";"1";"0";"2";"1";"1";NULL;NULL;"2023-06-29 03:34:07";"2023-06-29 03:34:07"
"269";"2023-2024";"English";"Old Student";"IX";NULL;NULL;NULL;"Yoga";"2000";"2023-06-30";NULL;NULL;NULL;NULL;NULL;NULL;NULL;NULL;NULL;NULL;"0";"0";"1";"0";"2";"1";"1";NULL;NULL;"2023-06-29 03:34:12";"2023-06-29 03:34:12"
"270";"2023-2024";"English";"Old Student";"IX";NULL;NULL;NULL;NULL;NULL;NULL;"Unifrom";"2700";"2023-06-30";NULL;NULL;NULL;NULL;NULL;NULL;NULL;"0";"0";"0";"1";"2";"1";"1";NULL;NULL;"2023-06-29 03:34:16";"2023-06-29 03:34:16"
"271";"2023-2024";"English";"Old Student";"X";"Tution Fee";"5795";"2023-06-30";NULL;NULL;NULL;NULL;NULL;NULL;NULL;NULL;NULL;NULL;NULL;NULL;NULL;"0";"1";"0";"0";"2";"1";"1";NULL;NULL;"2023-06-29 03:33:42";"2023-06-29 03:33:42"
"272";"2023-2024";"English";"Old Student";"X";"Course fee";"5795";"2023-06-30";NULL;NULL;NULL;NULL;NULL;NULL;NULL;NULL;NULL;NULL;NULL;NULL;NULL;"0";"1";"0";"0";"2";"1";"1";NULL;NULL;"2023-06-29 03:33:46";"2023-06-29 03:33:46"
"273";"2023-2024";"English";"Old Student";"X";NULL;NULL;NULL;"Swiming";"2000";"2023-06-30";NULL;NULL;NULL;NULL;NULL;NULL;NULL;NULL;NULL;NULL;"0";"0";"1";"0";"2";"1";"1";NULL;NULL;"2023-06-29 03:34:07";"2023-06-29 03:34:07"
"274";"2023-2024";"English";"Old Student";"X";NULL;NULL;NULL;"Yoga";"2000";"2023-06-30";NULL;NULL;NULL;NULL;NULL;NULL;NULL;NULL;NULL;NULL;"0";"0";"1";"0";"2";"1";"1";NULL;NULL;"2023-06-29 03:34:12";"2023-06-29 03:34:12"
"275";"2023-2024";"English";"Old Student";"X";NULL;NULL;NULL;NULL;NULL;NULL;"Unifrom";"2700";"2023-06-30";NULL;NULL;NULL;NULL;NULL;NULL;NULL;"0";"0";"0";"1";"2";"1";"1";NULL;NULL;"2023-06-29 03:34:16";"2023-06-29 03:34:16"
"276";"2023-2024";"English";"Old Student";"XI_All";"Tution Fee";"6095";"2023-06-30";NULL;NULL;NULL;NULL;NULL;NULL;NULL;NULL;NULL;NULL;NULL;NULL;NULL;"0";"1";"0";"0";"2";"1";"1";NULL;NULL;"2023-06-29 03:33:42";"2023-06-29 03:33:42"
"277";"2023-2024";"English";"Old Student";"XI_All";"Course fee";"6095";"2023-06-30";NULL;NULL;NULL;NULL;NULL;NULL;NULL;NULL;NULL;NULL;NULL;NULL;NULL;"0";"1";"0";"0";"2";"1";"1";NULL;NULL;"2023-06-29 03:33:46";"2023-06-29 03:33:46"
"278";"2023-2024";"English";"Old Student";"XI_All";NULL;NULL;NULL;"Swiming";"2000";"2023-06-30";NULL;NULL;NULL;NULL;NULL;NULL;NULL;NULL;NULL;NULL;"0";"0";"1";"0";"2";"1";"1";NULL;NULL;"2023-06-29 03:34:07";"2023-06-29 03:34:07"
"279";"2023-2024";"English";"Old Student";"XI_All";NULL;NULL;NULL;"Yoga";"2000";"2023-06-30";NULL;NULL;NULL;NULL;NULL;NULL;NULL;NULL;NULL;NULL;"0";"0";"1";"0";"2";"1";"1";NULL;NULL;"2023-06-29 03:34:12";"2023-06-29 03:34:12"
"280";"2023-2024";"English";"Old Student";"XI_All";NULL;NULL;NULL;NULL;NULL;NULL;"Unifrom";"2700";"2023-06-30";NULL;NULL;NULL;NULL;NULL;NULL;NULL;"0";"0";"0";"1";"2";"1";"1";NULL;NULL;"2023-06-29 03:34:16";"2023-06-29 03:34:16"
"281";"2023-2024";"English";"Old Student";"XI_Maths_Biology";"Tution Fee";"6295";"2023-06-30";NULL;NULL;NULL;NULL;NULL;NULL;NULL;NULL;NULL;NULL;NULL;NULL;NULL;"0";"1";"0";"0";"2";"1";"1";NULL;NULL;"2023-06-29 03:33:42";"2023-06-29 03:33:42"
"282";"2023-2024";"English";"Old Student";"XI_Maths_Biology";"Course fee";"6295";"2023-06-30";NULL;NULL;NULL;NULL;NULL;NULL;NULL;NULL;NULL;NULL;NULL;NULL;NULL;"0";"1";"0";"0";"2";"1";"1";NULL;NULL;"2023-06-29 03:33:46";"2023-06-29 03:33:46"
"283";"2023-2024";"English";"Old Student";"XI_Maths_Biology";NULL;NULL;NULL;"Swiming";"2000";"2023-06-30";NULL;NULL;NULL;NULL;NULL;NULL;NULL;NULL;NULL;NULL;"0";"0";"1";"0";"2";"1";"1";NULL;NULL;"2023-06-29 03:34:07";"2023-06-29 03:34:07"
"284";"2023-2024";"English";"Old Student";"XI_Maths_Biology";NULL;NULL;NULL;"Yoga";"2000";"2023-06-30";NULL;NULL;NULL;NULL;NULL;NULL;NULL;NULL;NULL;NULL;"0";"0";"1";"0";"2";"1";"1";NULL;NULL;"2023-06-29 03:34:12";"2023-06-29 03:34:12"
"285";"2023-2024";"English";"Old Student";"XI_Maths_Biology";NULL;NULL;NULL;NULL;NULL;NULL;"Unifrom";"2700";"2023-06-30";NULL;NULL;NULL;NULL;NULL;NULL;NULL;"0";"0";"0";"1";"2";"1";"1";NULL;NULL;"2023-06-29 03:34:16";"2023-06-29 03:34:16"
"286";"2023-2024";"English";"Old Student";"XI_Maths_ComputerScience";"Tution Fee";"6595";"2023-06-30";NULL;NULL;NULL;NULL;NULL;NULL;NULL;NULL;NULL;NULL;NULL;NULL;NULL;"0";"1";"0";"0";"2";"1";"1";NULL;NULL;"2023-06-29 03:33:42";"2023-06-29 03:33:42"
"287";"2023-2024";"English";"Old Student";"XI_Maths_ComputerScience";"Course fee";"6595";"2023-06-30";NULL;NULL;NULL;NULL;NULL;NULL;NULL;NULL;NULL;NULL;NULL;NULL;NULL;"0";"1";"0";"0";"2";"1";"1";NULL;NULL;"2023-06-29 03:33:46";"2023-06-29 03:33:46"
"288";"2023-2024";"English";"Old Student";"XI_Maths_ComputerScience";NULL;NULL;NULL;"Swiming";"2000";"2023-06-30";NULL;NULL;NULL;NULL;NULL;NULL;NULL;NULL;NULL;NULL;"0";"0";"1";"0";"2";"1";"1";NULL;NULL;"2023-06-29 03:34:07";"2023-06-29 03:34:07"
"289";"2023-2024";"English";"Old Student";"XI_Maths_ComputerScience";NULL;NULL;NULL;"Yoga";"2000";"2023-06-30";NULL;NULL;NULL;NULL;NULL;NULL;NULL;NULL;NULL;NULL;"0";"0";"1";"0";"2";"1";"1";NULL;NULL;"2023-06-29 03:34:12";"2023-06-29 03:34:12"
"290";"2023-2024";"English";"Old Student";"XI_Maths_ComputerScience";NULL;NULL;NULL;NULL;NULL;NULL;"Unifrom";"2700";"2023-06-30";NULL;NULL;NULL;NULL;NULL;NULL;NULL;"0";"0";"0";"1";"2";"1";"1";NULL;NULL;"2023-06-29 03:34:16";"2023-06-29 03:34:16"
"291";"2023-2024";"English";"Old Student";"XI_Biology_ComputerScience";"Tution Fee";"6950";"2023-06-30";NULL;NULL;NULL;NULL;NULL;NULL;NULL;NULL;NULL;NULL;NULL;NULL;NULL;"0";"1";"0";"0";"2";"1";"1";NULL;NULL;"2023-06-29 03:33:42";"2023-06-29 03:33:42"
"292";"2023-2024";"English";"Old Student";"XI_Biology_ComputerScience";"Course fee";"6950";"2023-06-30";NULL;NULL;NULL;NULL;NULL;NULL;NULL;NULL;NULL;NULL;NULL;NULL;NULL;"0";"1";"0";"0";"2";"1";"1";NULL;NULL;"2023-06-29 03:33:46";"2023-06-29 03:33:46"
"293";"2023-2024";"English";"Old Student";"XI_Biology_ComputerScience";NULL;NULL;NULL;"Swiming";"2000";"2023-06-30";NULL;NULL;NULL;NULL;NULL;NULL;NULL;NULL;NULL;NULL;"0";"0";"1";"0";"2";"1";"1";NULL;NULL;"2023-06-29 03:34:07";"2023-06-29 03:34:07"
"294";"2023-2024";"English";"Old Student";"XI_Biology_ComputerScience";NULL;NULL;NULL;"Yoga";"2000";"2023-06-30";NULL;NULL;NULL;NULL;NULL;NULL;NULL;NULL;NULL;NULL;"0";"0";"1";"0";"2";"1";"1";NULL;NULL;"2023-06-29 03:34:12";"2023-06-29 03:34:12"
"295";"2023-2024";"English";"Old Student";"XI_Biology_ComputerScience";NULL;NULL;NULL;NULL;NULL;NULL;"Unifrom";"2700";"2023-06-30";NULL;NULL;NULL;NULL;NULL;NULL;NULL;"0";"0";"0";"1";"2";"1";"1";NULL;NULL;"2023-06-29 03:34:16";"2023-06-29 03:34:16"
"296";"2023-2024";"English";"Old Student";"XII_All";"Tution Fee";"7095";"2023-06-30";NULL;NULL;NULL;NULL;NULL;NULL;NULL;NULL;NULL;NULL;NULL;NULL;NULL;"0";"1";"0";"0";"2";"1";"1";NULL;NULL;"2023-06-29 03:33:42";"2023-06-29 03:33:42"
"297";"2023-2024";"English";"Old Student";"XII_All";"Course fee";"7095";"2023-06-30";NULL;NULL;NULL;NULL;NULL;NULL;NULL;NULL;NULL;NULL;NULL;NULL;NULL;"0";"1";"0";"0";"2";"1";"1";NULL;NULL;"2023-06-29 03:33:46";"2023-06-29 03:33:46"
"298";"2023-2024";"English";"Old Student";"XII_All";NULL;NULL;NULL;"Swiming";"2000";"2023-06-30";NULL;NULL;NULL;NULL;NULL;NULL;NULL;NULL;NULL;NULL;"0";"0";"1";"0";"2";"1";"1";NULL;NULL;"2023-06-29 03:34:07";"2023-06-29 03:34:07"
"299";"2023-2024";"English";"Old Student";"XII_All";NULL;NULL;NULL;"Yoga";"2000";"2023-06-30";NULL;NULL;NULL;NULL;NULL;NULL;NULL;NULL;NULL;NULL;"0";"0";"1";"0";"2";"1";"1";NULL;NULL;"2023-06-29 03:34:12";"2023-06-29 03:34:12"
"300";"2023-2024";"English";"Old Student";"XII_All";NULL;NULL;NULL;NULL;NULL;NULL;"Unifrom";"2700";"2023-06-30";NULL;NULL;NULL;NULL;NULL;NULL;NULL;"0";"0";"0";"1";"2";"1";"1";NULL;NULL;"2023-06-29 03:34:16";"2023-06-29 03:34:16"
"301";"2023-2024";"English";"Old Student";"XII_Maths_Biology";"Tution Fee";"7345";"2023-06-30";NULL;NULL;NULL;NULL;NULL;NULL;NULL;NULL;NULL;NULL;NULL;NULL;NULL;"0";"1";"0";"0";"2";"1";"1";NULL;NULL;"2023-06-29 03:33:42";"2023-06-29 03:33:42"
"302";"2023-2024";"English";"Old Student";"XII_Maths_Biology";"Course fee";"7345";"2023-06-30";NULL;NULL;NULL;NULL;NULL;NULL;NULL;NULL;NULL;NULL;NULL;NULL;NULL;"0";"1";"0";"0";"2";"1";"1";NULL;NULL;"2023-06-29 03:33:46";"2023-06-29 03:33:46"
"303";"2023-2024";"English";"Old Student";"XII_Maths_Biology";NULL;NULL;NULL;"Swiming";"2000";"2023-06-30";NULL;NULL;NULL;NULL;NULL;NULL;NULL;NULL;NULL;NULL;"0";"0";"1";"0";"2";"1";"1";NULL;NULL;"2023-06-29 03:34:07";"2023-06-29 03:34:07"
"304";"2023-2024";"English";"Old Student";"XII_Maths_Biology";NULL;NULL;NULL;"Yoga";"2000";"2023-06-30";NULL;NULL;NULL;NULL;NULL;NULL;NULL;NULL;NULL;NULL;"0";"0";"1";"0";"2";"1";"1";NULL;NULL;"2023-06-29 03:34:12";"2023-06-29 03:34:12"
"305";"2023-2024";"English";"Old Student";"XII_Maths_Biology";NULL;NULL;NULL;NULL;NULL;NULL;"Unifrom";"2700";"2023-06-30";NULL;NULL;NULL;NULL;NULL;NULL;NULL;"0";"0";"0";"1";"2";"1";"1";NULL;NULL;"2023-06-29 03:34:16";"2023-06-29 03:34:16"
"306";"2023-2024";"English";"Old Student";"XII_Maths_ComputerScience";"Tution Fee";"7595";"2023-06-30";NULL;NULL;NULL;NULL;NULL;NULL;NULL;NULL;NULL;NULL;NULL;NULL;NULL;"0";"1";"0";"0";"2";"1";"1";NULL;NULL;"2023-06-29 03:33:42";"2023-06-29 03:33:42"
"307";"2023-2024";"English";"Old Student";"XII_Maths_ComputerScience";"Course fee";"7595";"2023-06-30";NULL;NULL;NULL;NULL;NULL;NULL;NULL;NULL;NULL;NULL;NULL;NULL;NULL;"0";"1";"0";"0";"2";"1";"1";NULL;NULL;"2023-06-29 03:33:46";"2023-06-29 03:33:46"
"308";"2023-2024";"English";"Old Student";"XII_Maths_ComputerScience";NULL;NULL;NULL;"Swiming";"2000";"2023-06-30";NULL;NULL;NULL;NULL;NULL;NULL;NULL;NULL;NULL;NULL;"0";"0";"1";"0";"2";"1";"1";NULL;NULL;"2023-06-29 03:34:07";"2023-06-29 03:34:07"
"309";"2023-2024";"English";"Old Student";"XII_Maths_ComputerScience";NULL;NULL;NULL;"Yoga";"2000";"2023-06-30";NULL;NULL;NULL;NULL;NULL;NULL;NULL;NULL;NULL;NULL;"0";"0";"1";"0";"2";"1";"1";NULL;NULL;"2023-06-29 03:34:12";"2023-06-29 03:34:12"
"310";"2023-2024";"English";"Old Student";"XII_Maths_ComputerScience";NULL;NULL;NULL;NULL;NULL;NULL;"Unifrom";"2700";"2023-06-30";NULL;NULL;NULL;NULL;NULL;NULL;NULL;"0";"0";"0";"1";"2";"1";"1";NULL;NULL;"2023-06-29 03:34:16";"2023-06-29 03:34:16"
"311";"2023-2024";"English";"Old Student";"XII_Biology_ComputerScience";"Tution Fee";"8095";"2023-06-30";NULL;NULL;NULL;NULL;NULL;NULL;NULL;NULL;NULL;NULL;NULL;NULL;NULL;"0";"1";"0";"0";"2";"1";"1";NULL;NULL;"2023-06-29 03:33:42";"2023-06-29 03:33:42"
"312";"2023-2024";"English";"Old Student";"XII_Biology_ComputerScience";"Course fee";"8095";"2023-06-30";NULL;NULL;NULL;NULL;NULL;NULL;NULL;NULL;NULL;NULL;NULL;NULL;NULL;"0";"1";"0";"0";"2";"1";"1";NULL;NULL;"2023-06-29 03:33:46";"2023-06-29 03:33:46"
"313";"2023-2024";"English";"Old Student";"XII_Biology_ComputerScience";NULL;NULL;NULL;"Swiming";"2000";"2023-06-30";NULL;NULL;NULL;NULL;NULL;NULL;NULL;NULL;NULL;NULL;"0";"0";"1";"0";"2";"1";"1";NULL;NULL;"2023-06-29 03:34:07";"2023-06-29 03:34:07"
"314";"2023-2024";"English";"Old Student";"XII_Biology_ComputerScience";NULL;NULL;NULL;"Yoga";"2000";"2023-06-30";NULL;NULL;NULL;NULL;NULL;NULL;NULL;NULL;NULL;NULL;"0";"0";"1";"0";"2";"1";"1";NULL;NULL;"2023-06-29 03:34:12";"2023-06-29 03:34:12"
"315";"2023-2024";"English";"Old Student";"XII_Biology_ComputerScience";NULL;NULL;NULL;NULL;NULL;NULL;"Unifrom";"2700";"2023-06-30";NULL;NULL;NULL;NULL;NULL;NULL;NULL;"0";"0";"0";"1";"2";"1";"1";NULL;NULL;"2023-06-29 03:34:16";"2023-06-29 03:34:16"
"316";"2023-2024";"Tamil";"Old Student";"PRE.K.G";"Tution Fee";"1090";"2023-06-30";NULL;NULL;NULL;NULL;NULL;NULL;NULL;NULL;NULL;NULL;NULL;NULL;NULL;"0";"1";"0";"0";"2";"1";"1";NULL;NULL;"2023-06-29 02:06:29";"2023-06-29 02:06:29"
"317";"2023-2024";"Tamil";"Old Student";"PRE.K.G";" Course Fee";"1090";"2023-06-30";NULL;NULL;NULL;NULL;NULL;NULL;NULL;NULL;NULL;NULL;NULL;NULL;NULL;"0";"1";"0";"0";"2";"1";"1";NULL;NULL;"2023-06-29 02:07:01";"2023-06-29 02:07:01"
"318";"2023-2024";"Tamil";"Old Student";"PRE.K.G";NULL;NULL;NULL;"Swiming";"500";"2023-06-30";NULL;NULL;NULL;NULL;NULL;NULL;NULL;NULL;NULL;NULL;"0";"0";"1";"0";"2";"1";"1";NULL;NULL;"2023-06-29 02:07:30";"2023-06-29 02:07:30"
"319";"2023-2024";"Tamil";"Old Student";"PRE.K.G";NULL;NULL;NULL;"Yoga";"500";"2023-06-30";NULL;NULL;NULL;NULL;NULL;NULL;NULL;NULL;NULL;NULL;"0";"0";"1";"0";"2";"1";"1";NULL;NULL;"2023-06-29 02:07:40";"2023-06-29 02:07:40"
"320";"2023-2024";"Tamil";"Old Student";"PRE.K.G";NULL;NULL;NULL;NULL;NULL;NULL;"Unifrom";"800";"2023-06-30";NULL;NULL;NULL;NULL;NULL;NULL;NULL;"0";"0";"0";"1";"2";"1";"1";NULL;NULL;"2023-06-29 02:08:09";"2023-06-29 02:08:09"
"321";"2023-2024";"Tamil";"Old Student";"L.K.G";"Tution Fee";"1595";"2023-06-30";NULL;NULL;NULL;NULL;NULL;NULL;NULL;NULL;NULL;NULL;NULL;NULL;NULL;"0";"1";"0";"0";"2";"1";"1";NULL;NULL;"2023-06-29 02:21:11";"2023-06-29 02:21:11"
"322";"2023-2024";"Tamil";"Old Student";"L.K.G";"Course Fee";"1595";"2023-06-30";NULL;NULL;NULL;NULL;NULL;NULL;NULL;NULL;NULL;NULL;NULL;NULL;NULL;"0";"1";"0";"0";"2";"1";"1";NULL;NULL;"2023-06-29 02:21:33";"2023-06-29 02:21:33"
"323";"2023-2024";"Tamil";"Old Student";"L.K.G";NULL;NULL;NULL;"Swiming";"1000";"2023-06-30";NULL;NULL;NULL;NULL;NULL;NULL;NULL;NULL;NULL;NULL;"0";"0";"1";"0";"2";"1";"1";NULL;NULL;"2023-06-29 03:16:26";"2023-06-29 03:16:26"
"324";"2023-2024";"Tamil";"Old Student";"L.K.G";NULL;NULL;NULL;"Yoga";"1000";"2023-06-30";NULL;NULL;NULL;NULL;NULL;NULL;NULL;NULL;NULL;NULL;"0";"0";"1";"0";"2";"1";"1";NULL;NULL;"2023-06-29 03:16:35";"2023-06-29 03:16:35"
"325";"2023-2024";"Tamil";"Old Student";"L.K.G";NULL;NULL;NULL;NULL;NULL;NULL;"Unifrom";"1900";"2023-06-30";NULL;NULL;NULL;NULL;NULL;NULL;NULL;"0";"0";"0";"1";"2";"1";"1";NULL;NULL;"2023-06-29 03:17:08";"2023-06-29 03:17:08"
"326";"2023-2024";"Tamil";"Old Student";"U.K.G";"Tution Fee";"2095";"2023-06-30";NULL;NULL;NULL;NULL;NULL;NULL;NULL;NULL;NULL;NULL;NULL;NULL;NULL;"0";"1";"0";"0";"2";"1";"1";NULL;NULL;"2023-06-29 03:18:54";"2023-06-29 03:18:54"
"327";"2023-2024";"Tamil";"Old Student";"U.K.G";"Course Fee";"2095";"2023-06-30";NULL;NULL;NULL;NULL;NULL;NULL;NULL;NULL;NULL;NULL;NULL;NULL;NULL;"0";"1";"0";"0";"2";"1";"1";NULL;NULL;"2023-06-29 03:19:07";"2023-06-29 03:19:07"
"328";"2023-2024";"Tamil";"Old Student";"U.K.G";NULL;NULL;NULL;"Swimimg";"1500";"2023-06-30";NULL;NULL;NULL;NULL;NULL;NULL;NULL;NULL;NULL;NULL;"0";"0";"1";"0";"2";"1";"1";NULL;NULL;"2023-06-29 03:19:24";"2023-06-29 03:19:24"
"329";"2023-2024";"Tamil";"Old Student";"U.K.G";NULL;NULL;NULL;"Yoga";"1500";"2023-06-30";NULL;NULL;NULL;NULL;NULL;NULL;NULL;NULL;NULL;NULL;"0";"0";"1";"0";"2";"1";"1";NULL;NULL;"2023-06-29 03:19:29";"2023-06-29 03:19:29"
"330";"2023-2024";"Tamil";"Old Student";"U.K.G";NULL;NULL;NULL;NULL;NULL;NULL;"Unifrom";"2700";"2023-06-30";NULL;NULL;NULL;NULL;NULL;NULL;NULL;"0";"0";"0";"1";"2";"1";"1";NULL;NULL;"2023-06-29 03:19:57";"2023-06-29 03:19:57"
"331";"2023-2024";"Tamil";"Old Student";"I";"Tution Fee";"2595";"2023-06-30";NULL;NULL;NULL;NULL;NULL;NULL;NULL;NULL;NULL;NULL;NULL;NULL;NULL;"0";"1";"0";"0";"2";"1";"1";NULL;NULL;"2023-06-29 03:21:53";"2023-06-29 03:21:53"
"332";"2023-2024";"Tamil";"Old Student";"I";"Course Fee";"2595";"2023-06-30";NULL;NULL;NULL;NULL;NULL;NULL;NULL;NULL;NULL;NULL;NULL;NULL;NULL;"0";"1";"0";"0";"2";"1";"1";NULL;NULL;"2023-06-29 03:22:05";"2023-06-29 03:22:05"
"333";"2023-2024";"Tamil";"Old Student";"I";NULL;NULL;NULL;"Swiming";"2000";"2023-06-30";NULL;NULL;NULL;NULL;NULL;NULL;NULL;NULL;NULL;NULL;"0";"0";"1";"0";"2";"1";"1";NULL;NULL;"2023-06-29 03:22:32";"2023-06-29 03:22:32"
"334";"2023-2024";"Tamil";"Old Student";"I";NULL;NULL;NULL;"Yoga";"2000";"2023-06-30";NULL;NULL;NULL;NULL;NULL;NULL;NULL;NULL;NULL;NULL;"0";"0";"1";"0";"2";"1";"1";NULL;NULL;"2023-06-29 03:22:39";"2023-06-29 03:22:39"
"335";"2023-2024";"Tamil";"Old Student";"I";NULL;NULL;NULL;NULL;NULL;NULL;"Uniform";"2700";"2023-06-30";NULL;NULL;NULL;NULL;NULL;NULL;NULL;"0";"0";"0";"1";"2";"1";"1";NULL;NULL;"2023-06-29 03:23:21";"2023-06-29 03:23:21"
"336";"2023-2024";"Tamil";"Old Student";"II";"Tution Fee";"3095";"2023-06-30";NULL;NULL;NULL;NULL;NULL;NULL;NULL;NULL;NULL;NULL;NULL;NULL;NULL;"0";"1";"0";"0";"2";"1";"1";NULL;NULL;"2023-06-29 03:24:14";"2023-06-29 03:24:14"
"337";"2023-2024";"Tamil";"Old Student";"II";"Course Fee";"3095";"2023-06-30";NULL;NULL;NULL;NULL;NULL;NULL;NULL;NULL;NULL;NULL;NULL;NULL;NULL;"0";"1";"0";"0";"2";"1";"1";NULL;NULL;"2023-06-29 03:24:19";"2023-06-29 03:24:19"
"338";"2023-2024";"Tamil";"Old Student";"II";NULL;NULL;NULL;"Swiming";"2000";"2023-06-30";NULL;NULL;NULL;NULL;NULL;NULL;NULL;NULL;NULL;NULL;"0";"0";"1";"0";"2";"1";"1";NULL;NULL;"2023-06-29 03:24:32";"2023-06-29 03:24:32"
"339";"2023-2024";"Tamil";"Old Student";"II";NULL;NULL;NULL;"Yoga";"2000";"2023-06-30";NULL;NULL;NULL;NULL;NULL;NULL;NULL;NULL;NULL;NULL;"0";"0";"1";"0";"2";"1";"1";NULL;NULL;"2023-06-29 03:24:38";"2023-06-29 03:24:38"
"340";"2023-2024";"Tamil";"Old Student";"II";NULL;NULL;NULL;NULL;NULL;NULL;"Uniform";"2700";"2023-06-30";NULL;NULL;NULL;NULL;NULL;NULL;NULL;"0";"0";"0";"1";"2";"1";"1";NULL;NULL;"2023-06-29 03:24:49";"2023-06-29 03:24:49"
"341";"2023-2024";"Tamil";"Old Student";"III";"Course Fee";"3595";"2023-06-30";NULL;NULL;NULL;NULL;NULL;NULL;NULL;NULL;NULL;NULL;NULL;NULL;NULL;"0";"1";"0";"0";"2";"1";"1";NULL;NULL;"2023-06-29 03:25:37";"2023-06-29 03:25:37"
"342";"2023-2024";"Tamil";"Old Student";"III";"Tution Fee";"3595";"2023-06-30";NULL;NULL;NULL;NULL;NULL;NULL;NULL;NULL;NULL;NULL;NULL;NULL;NULL;"0";"1";"0";"0";"2";"1";"1";NULL;NULL;"2023-06-29 03:25:41";"2023-06-29 03:25:41"
"343";"2023-2024";"Tamil";"Old Student";"III";NULL;NULL;NULL;"Swiming";"2000";"2023-06-30";NULL;NULL;NULL;NULL;NULL;NULL;NULL;NULL;NULL;NULL;"0";"0";"1";"0";"2";"1";"1";NULL;NULL;"2023-06-29 03:25:51";"2023-06-29 03:25:51"
"344";"2023-2024";"Tamil";"Old Student";"III";NULL;NULL;NULL;"Yoga";"2000";"2023-06-30";NULL;NULL;NULL;NULL;NULL;NULL;NULL;NULL;NULL;NULL;"0";"0";"1";"0";"2";"1";"1";NULL;NULL;"2023-06-29 03:25:57";"2023-06-29 03:25:57"
"345";"2023-2024";"Tamil";"Old Student";"III";NULL;NULL;NULL;NULL;NULL;NULL;"Uniform";"2700";"2023-06-30";NULL;NULL;NULL;NULL;NULL;NULL;NULL;"0";"0";"0";"1";"2";"1";"1";NULL;NULL;"2023-06-29 03:26:04";"2023-06-29 03:26:04"
"346";"2023-2024";"Tamil";"Old Student";"IV";NULL;NULL;NULL;"Swiming";"2000";"2023-06-30";NULL;NULL;NULL;NULL;NULL;NULL;NULL;NULL;NULL;NULL;"0";"0";"1";"0";"2";"1";"1";NULL;NULL;"2023-06-29 03:29:45";"2023-06-29 03:29:45"
"347";"2023-2024";"Tamil";"Old Student";"IV";NULL;NULL;NULL;"Yoga";"2000";"2023-06-30";NULL;NULL;NULL;NULL;NULL;NULL;NULL;NULL;NULL;NULL;"0";"0";"1";"0";"2";"1";"1";NULL;NULL;"2023-06-29 03:29:56";"2023-06-29 03:29:56"
"348";"2023-2024";"Tamil";"Old Student";"IV";NULL;NULL;NULL;NULL;NULL;NULL;"Unifrom";"2700";"2023-06-30";NULL;NULL;NULL;NULL;NULL;NULL;NULL;"0";"0";"0";"1";"2";"1";"1";NULL;NULL;"2023-06-29 03:30:18";"2023-06-29 03:30:18"
"349";"2023-2024";"Tamil";"Old Student";"IV";"Tution Fee";"4095";"2023-06-30";NULL;NULL;NULL;NULL;NULL;NULL;NULL;NULL;NULL;NULL;NULL;NULL;NULL;"0";"1";"0";"0";"2";"1";"1";NULL;NULL;"2023-06-29 03:31:58";"2023-06-29 03:31:58"
"350";"2023-2024";"Tamil";"Old Student";"IV";"Course";"4095";"2023-06-30";NULL;NULL;NULL;NULL;NULL;NULL;NULL;NULL;NULL;NULL;NULL;NULL;NULL;"0";"1";"0";"0";"2";"1";"1";NULL;NULL;"2023-06-29 03:32:09";"2023-06-29 03:32:09"
"351";"2023-2024";"Tamil";"Old Student";"V";NULL;NULL;NULL;"Swiming";"2000";"2023-06-30";NULL;NULL;NULL;NULL;NULL;NULL;NULL;NULL;NULL;NULL;"0";"0";"1";"0";"2";"1";"1";NULL;NULL;"2023-06-29 03:32:18";"2023-06-29 03:32:18"
"352";"2023-2024";"Tamil";"Old Student";"V";NULL;NULL;NULL;"Yoga";"2000";"2023-06-30";NULL;NULL;NULL;NULL;NULL;NULL;NULL;NULL;NULL;NULL;"0";"0";"1";"0";"2";"1";"1";NULL;NULL;"2023-06-29 03:32:23";"2023-06-29 03:32:23"
"353";"2023-2024";"Tamil";"Old Student";"V";NULL;NULL;NULL;NULL;NULL;NULL;"Unifrom";"2700";"2023-06-30";NULL;NULL;NULL;NULL;NULL;NULL;NULL;"0";"0";"0";"1";"2";"1";"1";NULL;NULL;"2023-06-29 03:32:31";"2023-06-29 03:32:31"
"354";"2023-2024";"Tamil";"Old Student";"V";"Tution Fee";"4595";"2023-06-30";NULL;NULL;NULL;NULL;NULL;NULL;NULL;NULL;NULL;NULL;NULL;NULL;NULL;"0";"1";"0";"0";"2";"1";"1";NULL;NULL;"2023-06-29 03:33:42";"2023-06-29 03:33:42"
"355";"2023-2024";"Tamil";"Old Student";"V";"Course fee";"4595";"2023-06-30";NULL;NULL;NULL;NULL;NULL;NULL;NULL;NULL;NULL;NULL;NULL;NULL;NULL;"0";"1";"0";"0";"2";"1";"1";NULL;NULL;"2023-06-29 03:33:46";"2023-06-29 03:33:46"
"356";"2023-2024";"Tamil";"Old Student";"VI";"Tution Fee";"4900";"2023-06-30";NULL;NULL;NULL;NULL;NULL;NULL;NULL;NULL;NULL;NULL;NULL;NULL;NULL;"0";"1";"0";"0";"2";"1";"1";NULL;NULL;"2023-06-29 03:33:42";"2023-06-29 03:33:42"
"357";"2023-2024";"Tamil";"Old Student";"VI";"Course fee";"4900";"2023-06-30";NULL;NULL;NULL;NULL;NULL;NULL;NULL;NULL;NULL;NULL;NULL;NULL;NULL;"0";"1";"0";"0";"2";"1";"1";NULL;NULL;"2023-06-29 03:33:46";"2023-06-29 03:33:46"
"358";"2023-2024";"Tamil";"Old Student";"VI";NULL;NULL;NULL;"Swiming";"2000";"2023-06-30";NULL;NULL;NULL;NULL;NULL;NULL;NULL;NULL;NULL;NULL;"0";"0";"1";"0";"2";"1";"1";NULL;NULL;"2023-06-29 03:34:07";"2023-06-29 03:34:07"
"359";"2023-2024";"Tamil";"Old Student";"VI";NULL;NULL;NULL;"Yoga";"2000";"2023-06-30";NULL;NULL;NULL;NULL;NULL;NULL;NULL;NULL;NULL;NULL;"0";"0";"1";"0";"2";"1";"1";NULL;NULL;"2023-06-29 03:34:12";"2023-06-29 03:34:12"
"360";"2023-2024";"Tamil";"Old Student";"VI";NULL;NULL;NULL;NULL;NULL;NULL;"Unifrom";"2700";"2023-06-30";NULL;NULL;NULL;NULL;NULL;NULL;NULL;"0";"0";"0";"1";"2";"1";"1";NULL;NULL;"2023-06-29 03:34:16";"2023-06-29 03:34:16"
"361";"2023-2024";"Tamil";"Old Student";"VII";"Tution Fee";"5095";"2023-06-30";NULL;NULL;NULL;NULL;NULL;NULL;NULL;NULL;NULL;NULL;NULL;NULL;NULL;"0";"1";"0";"0";"2";"1";"1";NULL;NULL;"2023-06-29 03:33:42";"2023-06-29 03:33:42"
"362";"2023-2024";"Tamil";"Old Student";"VII";"Course fee";"5095";"2023-06-30";NULL;NULL;NULL;NULL;NULL;NULL;NULL;NULL;NULL;NULL;NULL;NULL;NULL;"0";"1";"0";"0";"2";"1";"1";NULL;NULL;"2023-06-29 03:33:46";"2023-06-29 03:33:46"
"363";"2023-2024";"Tamil";"Old Student";"VII";NULL;NULL;NULL;"Swiming";"2000";"2023-06-30";NULL;NULL;NULL;NULL;NULL;NULL;NULL;NULL;NULL;NULL;"0";"0";"1";"0";"2";"1";"1";NULL;NULL;"2023-06-29 03:34:07";"2023-06-29 03:34:07"
"364";"2023-2024";"Tamil";"Old Student";"VII";NULL;NULL;NULL;"Yoga";"2000";"2023-06-30";NULL;NULL;NULL;NULL;NULL;NULL;NULL;NULL;NULL;NULL;"0";"0";"1";"0";"2";"1";"1";NULL;NULL;"2023-06-29 03:34:12";"2023-06-29 03:34:12"
"365";"2023-2024";"Tamil";"Old Student";"VII";NULL;NULL;NULL;NULL;NULL;NULL;"Unifrom";"2700";"2023-06-30";NULL;NULL;NULL;NULL;NULL;NULL;NULL;"0";"0";"0";"1";"2";"1";"1";NULL;NULL;"2023-06-29 03:34:16";"2023-06-29 03:34:16"
"366";"2023-2024";"Tamil";"Old Student";"VIII";"Tution Fee";"5375";"2023-06-30";NULL;NULL;NULL;NULL;NULL;NULL;NULL;NULL;NULL;NULL;NULL;NULL;NULL;"0";"1";"0";"0";"2";"1";"1";NULL;NULL;"2023-06-29 03:33:42";"2023-06-29 03:33:42"
"367";"2023-2024";"Tamil";"Old Student";"VIII";"Course fee";"5375";"2023-06-30";NULL;NULL;NULL;NULL;NULL;NULL;NULL;NULL;NULL;NULL;NULL;NULL;NULL;"0";"1";"0";"0";"2";"1";"1";NULL;NULL;"2023-06-29 03:33:46";"2023-06-29 03:33:46"
"368";"2023-2024";"Tamil";"Old Student";"VIII";NULL;NULL;NULL;"Swiming";"2000";"2023-06-30";NULL;NULL;NULL;NULL;NULL;NULL;NULL;NULL;NULL;NULL;"0";"0";"1";"0";"2";"1";"1";NULL;NULL;"2023-06-29 03:34:07";"2023-06-29 03:34:07"
"369";"2023-2024";"Tamil";"Old Student";"VIII";NULL;NULL;NULL;"Yoga";"2000";"2023-06-30";NULL;NULL;NULL;NULL;NULL;NULL;NULL;NULL;NULL;NULL;"0";"0";"1";"0";"2";"1";"1";NULL;NULL;"2023-06-29 03:34:12";"2023-06-29 03:34:12"
"370";"2023-2024";"Tamil";"Old Student";"VIII";NULL;NULL;NULL;NULL;NULL;NULL;"Unifrom";"2700";"2023-06-30";NULL;NULL;NULL;NULL;NULL;NULL;NULL;"0";"0";"0";"1";"2";"1";"1";NULL;NULL;"2023-06-29 03:34:16";"2023-06-29 03:34:16"
"371";"2023-2024";"Tamil";"Old Student";"IX";"Tution Fee";"5595";"2023-06-30";NULL;NULL;NULL;NULL;NULL;NULL;NULL;NULL;NULL;NULL;NULL;NULL;NULL;"0";"1";"0";"0";"2";"1";"1";NULL;NULL;"2023-06-29 03:33:42";"2023-06-29 03:33:42"
"372";"2023-2024";"Tamil";"Old Student";"IX";"Course fee";"5595";"2023-06-30";NULL;NULL;NULL;NULL;NULL;NULL;NULL;NULL;NULL;NULL;NULL;NULL;NULL;"0";"1";"0";"0";"2";"1";"1";NULL;NULL;"2023-06-29 03:33:46";"2023-06-29 03:33:46"
"373";"2023-2024";"Tamil";"Old Student";"IX";NULL;NULL;NULL;"Swiming";"2000";"2023-06-30";NULL;NULL;NULL;NULL;NULL;NULL;NULL;NULL;NULL;NULL;"0";"0";"1";"0";"2";"1";"1";NULL;NULL;"2023-06-29 03:34:07";"2023-06-29 03:34:07"
"374";"2023-2024";"Tamil";"Old Student";"IX";NULL;NULL;NULL;"Yoga";"2000";"2023-06-30";NULL;NULL;NULL;NULL;NULL;NULL;NULL;NULL;NULL;NULL;"0";"0";"1";"0";"2";"1";"1";NULL;NULL;"2023-06-29 03:34:12";"2023-06-29 03:34:12"
"375";"2023-2024";"Tamil";"Old Student";"IX";NULL;NULL;NULL;NULL;NULL;NULL;"Unifrom";"2700";"2023-06-30";NULL;NULL;NULL;NULL;NULL;NULL;NULL;"0";"0";"0";"1";"2";"1";"1";NULL;NULL;"2023-06-29 03:34:16";"2023-06-29 03:34:16"
"376";"2023-2024";"Tamil";"Old Student";"X";"Tution Fee";"5795";"2023-06-30";NULL;NULL;NULL;NULL;NULL;NULL;NULL;NULL;NULL;NULL;NULL;NULL;NULL;"0";"1";"0";"0";"2";"1";"1";NULL;NULL;"2023-06-29 03:33:42";"2023-06-29 03:33:42"
"377";"2023-2024";"Tamil";"Old Student";"X";"Course fee";"5795";"2023-06-30";NULL;NULL;NULL;NULL;NULL;NULL;NULL;NULL;NULL;NULL;NULL;NULL;NULL;"0";"1";"0";"0";"2";"1";"1";NULL;NULL;"2023-06-29 03:33:46";"2023-06-29 03:33:46"
"378";"2023-2024";"Tamil";"Old Student";"X";NULL;NULL;NULL;"Swiming";"2000";"2023-06-30";NULL;NULL;NULL;NULL;NULL;NULL;NULL;NULL;NULL;NULL;"0";"0";"1";"0";"2";"1";"1";NULL;NULL;"2023-06-29 03:34:07";"2023-06-29 03:34:07"
"379";"2023-2024";"Tamil";"Old Student";"X";NULL;NULL;NULL;"Yoga";"2000";"2023-06-30";NULL;NULL;NULL;NULL;NULL;NULL;NULL;NULL;NULL;NULL;"0";"0";"1";"0";"2";"1";"1";NULL;NULL;"2023-06-29 03:34:12";"2023-06-29 03:34:12"
"380";"2023-2024";"Tamil";"Old Student";"X";NULL;NULL;NULL;NULL;NULL;NULL;"Unifrom";"2700";"2023-06-30";NULL;NULL;NULL;NULL;NULL;NULL;NULL;"0";"0";"0";"1";"2";"1";"1";NULL;NULL;"2023-06-29 03:34:16";"2023-06-29 03:34:16"
"381";"2023-2024";"Tamil";"Old Student";"XI_All";"Tution Fee";"6095";"2023-06-30";NULL;NULL;NULL;NULL;NULL;NULL;NULL;NULL;NULL;NULL;NULL;NULL;NULL;"0";"1";"0";"0";"2";"1";"1";NULL;NULL;"2023-06-29 03:33:42";"2023-06-29 03:33:42"
"382";"2023-2024";"Tamil";"Old Student";"XI_All";"Course fee";"6095";"2023-06-30";NULL;NULL;NULL;NULL;NULL;NULL;NULL;NULL;NULL;NULL;NULL;NULL;NULL;"0";"1";"0";"0";"2";"1";"1";NULL;NULL;"2023-06-29 03:33:46";"2023-06-29 03:33:46"
"383";"2023-2024";"Tamil";"Old Student";"XI_All";NULL;NULL;NULL;"Swiming";"2000";"2023-06-30";NULL;NULL;NULL;NULL;NULL;NULL;NULL;NULL;NULL;NULL;"0";"0";"1";"0";"2";"1";"1";NULL;NULL;"2023-06-29 03:34:07";"2023-06-29 03:34:07"
"384";"2023-2024";"Tamil";"Old Student";"XI_All";NULL;NULL;NULL;"Yoga";"2000";"2023-06-30";NULL;NULL;NULL;NULL;NULL;NULL;NULL;NULL;NULL;NULL;"0";"0";"1";"0";"2";"1";"1";NULL;NULL;"2023-06-29 03:34:12";"2023-06-29 03:34:12"
"385";"2023-2024";"Tamil";"Old Student";"XI_All";NULL;NULL;NULL;NULL;NULL;NULL;"Unifrom";"2700";"2023-06-30";NULL;NULL;NULL;NULL;NULL;NULL;NULL;"0";"0";"0";"1";"2";"1";"1";NULL;NULL;"2023-06-29 03:34:16";"2023-06-29 03:34:16"
"386";"2023-2024";"Tamil";"Old Student";"XI_Maths_Biology";"Tution Fee";"6295";"2023-06-30";NULL;NULL;NULL;NULL;NULL;NULL;NULL;NULL;NULL;NULL;NULL;NULL;NULL;"0";"1";"0";"0";"2";"1";"1";NULL;NULL;"2023-06-29 03:33:42";"2023-06-29 03:33:42"
"387";"2023-2024";"Tamil";"Old Student";"XI_Maths_Biology";"Course fee";"6295";"2023-06-30";NULL;NULL;NULL;NULL;NULL;NULL;NULL;NULL;NULL;NULL;NULL;NULL;NULL;"0";"1";"0";"0";"2";"1";"1";NULL;NULL;"2023-06-29 03:33:46";"2023-06-29 03:33:46"
"388";"2023-2024";"Tamil";"Old Student";"XI_Maths_Biology";NULL;NULL;NULL;"Swiming";"2000";"2023-06-30";NULL;NULL;NULL;NULL;NULL;NULL;NULL;NULL;NULL;NULL;"0";"0";"1";"0";"2";"1";"1";NULL;NULL;"2023-06-29 03:34:07";"2023-06-29 03:34:07"
"389";"2023-2024";"Tamil";"Old Student";"XI_Maths_Biology";NULL;NULL;NULL;"Yoga";"2000";"2023-06-30";NULL;NULL;NULL;NULL;NULL;NULL;NULL;NULL;NULL;NULL;"0";"0";"1";"0";"2";"1";"1";NULL;NULL;"2023-06-29 03:34:12";"2023-06-29 03:34:12"
"390";"2023-2024";"Tamil";"Old Student";"XI_Maths_Biology";NULL;NULL;NULL;NULL;NULL;NULL;"Unifrom";"2700";"2023-06-30";NULL;NULL;NULL;NULL;NULL;NULL;NULL;"0";"0";"0";"1";"2";"1";"1";NULL;NULL;"2023-06-29 03:34:16";"2023-06-29 03:34:16"
"391";"2023-2024";"Tamil";"Old Student";"XI_Maths_ComputerScience";"Tution Fee";"6595";"2023-06-30";NULL;NULL;NULL;NULL;NULL;NULL;NULL;NULL;NULL;NULL;NULL;NULL;NULL;"0";"1";"0";"0";"2";"1";"1";NULL;NULL;"2023-06-29 03:33:42";"2023-06-29 03:33:42"
"392";"2023-2024";"Tamil";"Old Student";"XI_Maths_ComputerScience";"Course fee";"6595";"2023-06-30";NULL;NULL;NULL;NULL;NULL;NULL;NULL;NULL;NULL;NULL;NULL;NULL;NULL;"0";"1";"0";"0";"2";"1";"1";NULL;NULL;"2023-06-29 03:33:46";"2023-06-29 03:33:46"
"393";"2023-2024";"Tamil";"Old Student";"XI_Maths_ComputerScience";NULL;NULL;NULL;"Swiming";"2000";"2023-06-30";NULL;NULL;NULL;NULL;NULL;NULL;NULL;NULL;NULL;NULL;"0";"0";"1";"0";"2";"1";"1";NULL;NULL;"2023-06-29 03:34:07";"2023-06-29 03:34:07"
"394";"2023-2024";"Tamil";"Old Student";"XI_Maths_ComputerScience";NULL;NULL;NULL;"Yoga";"2000";"2023-06-30";NULL;NULL;NULL;NULL;NULL;NULL;NULL;NULL;NULL;NULL;"0";"0";"1";"0";"2";"1";"1";NULL;NULL;"2023-06-29 03:34:12";"2023-06-29 03:34:12"
"395";"2023-2024";"Tamil";"Old Student";"XI_Maths_ComputerScience";NULL;NULL;NULL;NULL;NULL;NULL;"Unifrom";"2700";"2023-06-30";NULL;NULL;NULL;NULL;NULL;NULL;NULL;"0";"0";"0";"1";"2";"1";"1";NULL;NULL;"2023-06-29 03:34:16";"2023-06-29 03:34:16"
"396";"2023-2024";"Tamil";"Old Student";"XI_Biology_ComputerScience";"Tution Fee";"6950";"2023-06-30";NULL;NULL;NULL;NULL;NULL;NULL;NULL;NULL;NULL;NULL;NULL;NULL;NULL;"0";"1";"0";"0";"2";"1";"1";NULL;NULL;"2023-06-29 03:33:42";"2023-06-29 03:33:42"
"397";"2023-2024";"Tamil";"Old Student";"XI_Biology_ComputerScience";"Course fee";"6950";"2023-06-30";NULL;NULL;NULL;NULL;NULL;NULL;NULL;NULL;NULL;NULL;NULL;NULL;NULL;"0";"1";"0";"0";"2";"1";"1";NULL;NULL;"2023-06-29 03:33:46";"2023-06-29 03:33:46"
"398";"2023-2024";"Tamil";"Old Student";"XI_Biology_ComputerScience";NULL;NULL;NULL;"Swiming";"2000";"2023-06-30";NULL;NULL;NULL;NULL;NULL;NULL;NULL;NULL;NULL;NULL;"0";"0";"1";"0";"2";"1";"1";NULL;NULL;"2023-06-29 03:34:07";"2023-06-29 03:34:07"
"399";"2023-2024";"Tamil";"Old Student";"XI_Biology_ComputerScience";NULL;NULL;NULL;"Yoga";"2000";"2023-06-30";NULL;NULL;NULL;NULL;NULL;NULL;NULL;NULL;NULL;NULL;"0";"0";"1";"0";"2";"1";"1";NULL;NULL;"2023-06-29 03:34:12";"2023-06-29 03:34:12"
"400";"2023-2024";"Tamil";"Old Student";"XI_Biology_ComputerScience";NULL;NULL;NULL;NULL;NULL;NULL;"Unifrom";"2700";"2023-06-30";NULL;NULL;NULL;NULL;NULL;NULL;NULL;"0";"0";"0";"1";"2";"1";"1";NULL;NULL;"2023-06-29 03:34:16";"2023-06-29 03:34:16"
"401";"2023-2024";"Tamil";"Old Student";"XII_All";"Tution Fee";"7095";"2023-06-30";NULL;NULL;NULL;NULL;NULL;NULL;NULL;NULL;NULL;NULL;NULL;NULL;NULL;"0";"1";"0";"0";"2";"1";"1";NULL;NULL;"2023-06-29 03:33:42";"2023-06-29 03:33:42"
"402";"2023-2024";"Tamil";"Old Student";"XII_All";"Course fee";"7095";"2023-06-30";NULL;NULL;NULL;NULL;NULL;NULL;NULL;NULL;NULL;NULL;NULL;NULL;NULL;"0";"1";"0";"0";"2";"1";"1";NULL;NULL;"2023-06-29 03:33:46";"2023-06-29 03:33:46"
"403";"2023-2024";"Tamil";"Old Student";"XII_All";NULL;NULL;NULL;"Swiming";"2000";"2023-06-30";NULL;NULL;NULL;NULL;NULL;NULL;NULL;NULL;NULL;NULL;"0";"0";"1";"0";"2";"1";"1";NULL;NULL;"2023-06-29 03:34:07";"2023-06-29 03:34:07"
"404";"2023-2024";"Tamil";"Old Student";"XII_All";NULL;NULL;NULL;"Yoga";"2000";"2023-06-30";NULL;NULL;NULL;NULL;NULL;NULL;NULL;NULL;NULL;NULL;"0";"0";"1";"0";"2";"1";"1";NULL;NULL;"2023-06-29 03:34:12";"2023-06-29 03:34:12"
"405";"2023-2024";"Tamil";"Old Student";"XII_All";NULL;NULL;NULL;NULL;NULL;NULL;"Unifrom";"2700";"2023-06-30";NULL;NULL;NULL;NULL;NULL;NULL;NULL;"0";"0";"0";"1";"2";"1";"1";NULL;NULL;"2023-06-29 03:34:16";"2023-06-29 03:34:16"
"406";"2023-2024";"Tamil";"Old Student";"XII_Maths_Biology";"Tution Fee";"7345";"2023-06-30";NULL;NULL;NULL;NULL;NULL;NULL;NULL;NULL;NULL;NULL;NULL;NULL;NULL;"0";"1";"0";"0";"2";"1";"1";NULL;NULL;"2023-06-29 03:33:42";"2023-06-29 03:33:42"
"407";"2023-2024";"Tamil";"Old Student";"XII_Maths_Biology";"Course fee";"7345";"2023-06-30";NULL;NULL;NULL;NULL;NULL;NULL;NULL;NULL;NULL;NULL;NULL;NULL;NULL;"0";"1";"0";"0";"2";"1";"1";NULL;NULL;"2023-06-29 03:33:46";"2023-06-29 03:33:46"
"408";"2023-2024";"Tamil";"Old Student";"XII_Maths_Biology";NULL;NULL;NULL;"Swiming";"2000";"2023-06-30";NULL;NULL;NULL;NULL;NULL;NULL;NULL;NULL;NULL;NULL;"0";"0";"1";"0";"2";"1";"1";NULL;NULL;"2023-06-29 03:34:07";"2023-06-29 03:34:07"
"409";"2023-2024";"Tamil";"Old Student";"XII_Maths_Biology";NULL;NULL;NULL;"Yoga";"2000";"2023-06-30";NULL;NULL;NULL;NULL;NULL;NULL;NULL;NULL;NULL;NULL;"0";"0";"1";"0";"2";"1";"1";NULL;NULL;"2023-06-29 03:34:12";"2023-06-29 03:34:12"
"410";"2023-2024";"Tamil";"Old Student";"XII_Maths_Biology";NULL;NULL;NULL;NULL;NULL;NULL;"Unifrom";"2700";"2023-06-30";NULL;NULL;NULL;NULL;NULL;NULL;NULL;"0";"0";"0";"1";"2";"1";"1";NULL;NULL;"2023-06-29 03:34:16";"2023-06-29 03:34:16"
"411";"2023-2024";"Tamil";"Old Student";"XII_Maths_ComputerScience";"Tution Fee";"7595";"2023-06-30";NULL;NULL;NULL;NULL;NULL;NULL;NULL;NULL;NULL;NULL;NULL;NULL;NULL;"0";"1";"0";"0";"2";"1";"1";NULL;NULL;"2023-06-29 03:33:42";"2023-06-29 03:33:42"
"412";"2023-2024";"Tamil";"Old Student";"XII_Maths_ComputerScience";"Course fee";"7595";"2023-06-30";NULL;NULL;NULL;NULL;NULL;NULL;NULL;NULL;NULL;NULL;NULL;NULL;NULL;"0";"1";"0";"0";"2";"1";"1";NULL;NULL;"2023-06-29 03:33:46";"2023-06-29 03:33:46"
"413";"2023-2024";"Tamil";"Old Student";"XII_Maths_ComputerScience";NULL;NULL;NULL;"Swiming";"2000";"2023-06-30";NULL;NULL;NULL;NULL;NULL;NULL;NULL;NULL;NULL;NULL;"0";"0";"1";"0";"2";"1";"1";NULL;NULL;"2023-06-29 03:34:07";"2023-06-29 03:34:07"
"414";"2023-2024";"Tamil";"Old Student";"XII_Maths_ComputerScience";NULL;NULL;NULL;"Yoga";"2000";"2023-06-30";NULL;NULL;NULL;NULL;NULL;NULL;NULL;NULL;NULL;NULL;"0";"0";"1";"0";"2";"1";"1";NULL;NULL;"2023-06-29 03:34:12";"2023-06-29 03:34:12"
"415";"2023-2024";"Tamil";"Old Student";"XII_Maths_ComputerScience";NULL;NULL;NULL;NULL;NULL;NULL;"Unifrom";"2700";"2023-06-30";NULL;NULL;NULL;NULL;NULL;NULL;NULL;"0";"0";"0";"1";"2";"1";"1";NULL;NULL;"2023-06-29 03:34:16";"2023-06-29 03:34:16"
"416";"2023-2024";"Tamil";"Old Student";"XII_Biology_ComputerScience";"Tution Fee";"8095";"2023-06-30";NULL;NULL;NULL;NULL;NULL;NULL;NULL;NULL;NULL;NULL;NULL;NULL;NULL;"0";"1";"0";"0";"2";"1";"1";NULL;NULL;"2023-06-29 03:33:42";"2023-06-29 03:33:42"
"417";"2023-2024";"Tamil";"Old Student";"XII_Biology_ComputerScience";"Course fee";"8095";"2023-06-30";NULL;NULL;NULL;NULL;NULL;NULL;NULL;NULL;NULL;NULL;NULL;NULL;NULL;"0";"1";"0";"0";"2";"1";"1";NULL;NULL;"2023-06-29 03:33:46";"2023-06-29 03:33:46"
"418";"2023-2024";"Tamil";"Old Student";"XII_Biology_ComputerScience";NULL;NULL;NULL;"Swiming";"2000";"2023-06-30";NULL;NULL;NULL;NULL;NULL;NULL;NULL;NULL;NULL;NULL;"0";"0";"1";"0";"2";"1";"1";NULL;NULL;"2023-06-29 03:34:07";"2023-06-29 03:34:07"
"419";"2023-2024";"Tamil";"Old Student";"XII_Biology_ComputerScience";NULL;NULL;NULL;"Yoga";"2000";"2023-06-30";NULL;NULL;NULL;NULL;NULL;NULL;NULL;NULL;NULL;NULL;"0";"0";"1";"0";"2";"1";"1";NULL;NULL;"2023-06-29 03:34:12";"2023-06-29 03:34:12"
"420";"2023-2024";"Tamil";"Old Student";"XII_Biology_ComputerScience";NULL;NULL;NULL;NULL;NULL;NULL;"Unifrom";"2700";"2023-06-30";NULL;NULL;NULL;NULL;NULL;NULL;NULL;"0";"0";"0";"1";"2";"1";"1";NULL;NULL;"2023-06-29 03:34:16";"2023-06-29 03:34:16"
